{"count":1,"self":2003.4426879999999,"total":2006.2749998,"children":{"InitializeActuators":{"count":6,"self":0.0025342,"total":0.0025342,"children":null},"InitializeSensors":{"count":6,"self":0.0010073,"total":0.0010073,"children":null},"AgentSendState":{"count":2927,"self":0.40274719999999997,"total":0.4293146,"children":{"CollectObservations":{"count":3516,"self":0.0105141,"total":0.0105141,"children":null},"WriteActionMask":{"count":3516,"self":0.00099969999999999985,"total":0.00099969999999999985,"children":null},"RequestDecision":{"count":3516,"self":0.015053599999999999,"total":0.015053599999999999,"children":null}}},"DecideAction":{"count":2927,"self":1.3775407,"total":1.4172687,"children":{"RayPerceptionSensor.Perceive":{"count":3516,"self":0.039728,"total":0.039728,"children":null}}},"AgentAct":{"count":2927,"self":0.98216929999999991,"total":0.98216929999999991,"children":null}},"gauges":{"Car.CumulativeReward":{"count":10,"max":9495.64551,"min":-4.294797,"runningAverage":3057.60547,"value":3314.64844,"weightedAverage":4750.40625}},"metadata":{"timer_format_version":"0.1.0","start_time_seconds":"1752937690","unity_version":"6000.0.49f1","command_line_arguments":"C:\\Program Files\\Unity\\Hub\\Editor\\6000.0.49f1\\Editor\\Unity.exe -projectpath D:\\Unity\\Cars2 -useHub -hubIPC -cloudEnvironment production","communication_protocol_version":"1.5.0","com.unity.ml-agents_version":"3.0.0","scene_name":"6InfDiffPista","end_time_seconds":"1752939696"}}