{"count":1,"self":3.381144,"total":30.3622576,"children":{"InitializeActuators":{"count":8,"self":0.0015008999999999999,"total":0.0015008999999999999,"children":null},"InitializeSensors":{"count":8,"self":0.0020534,"total":0.0020534,"children":null},"AgentSendState":{"count":3300,"self":0.41482739999999996,"total":0.50627179999999994,"children":{"CollectObservations":{"count":5280,"self":0.0103331,"total":0.0103331,"children":null},"WriteActionMask":{"count":5280,"self":0.0030242999999999997,"total":0.0030242999999999997,"children":null},"RequestDecision":{"count":5280,"self":0.018359999999999998,"total":0.07808699999999999,"children":{"AgentInfo.ToProto":{"count":5280,"self":0.011811,"total":0.059726999999999995,"children":{"GenerateSensorData":{"count":5280,"self":0.0387671,"total":0.047916,"children":{"RayPerceptionSensor.Perceive":{"count":5280,"self":0.0091489,"total":0.0091489,"children":null}}}}}}}}},"DecideAction":{"count":3300,"self":25.731151999999998,"total":25.7311515,"children":null},"AgentAct":{"count":3300,"self":0.6969687,"total":0.7381194,"children":{"AgentInfo.ToProto":{"count":3863,"self":0.012492399999999999,"total":0.0411507,"children":{"GenerateSensorData":{"count":3863,"self":0.0236276,"total":0.028658299999999998,"children":{"RayPerceptionSensor.Perceive":{"count":3863,"self":0.0050307,"total":0.0050307,"children":null}}}}}}}},"gauges":{"RedCar.CumulativeReward":{"count":2045,"max":985.3482,"min":-2526.89624,"runningAverage":-3.214629,"value":2.50085282,"weightedAverage":-0.19880861},"BlueCar.CumulativeReward":{"count":1818,"max":462.717773,"min":-2122.85156,"runningAverage":-5.56364965,"value":2.49921155,"weightedAverage":-2.2588923}},"metadata":{"timer_format_version":"0.1.0","start_time_seconds":"1752055831","unity_version":"6000.0.49f1","command_line_arguments":"C:\\Program Files\\Unity\\Hub\\Editor\\6000.0.49f1\\Editor\\Unity.exe -projectpath C:\\Users\\giuli\\Desktop\\Giulia\\SistemiComplessiProgettoRL\\Cars2 -useHub -hubIPC -cloudEnvironment production","communication_protocol_version":"1.5.0","com.unity.ml-agents_version":"3.0.0","scene_name":"Addestramento","end_time_seconds":"1752055861"}}