{"count":1,"self":1135.653376,"total":10120.7661319,"children":{"InitializeActuators":{"count":12,"self":0.0020044999999999998,"total":0.0020044999999999998,"children":null},"InitializeSensors":{"count":12,"self":0.0025199999999999997,"total":0.0025199999999999997,"children":null},"AgentSendState":{"count":1392433,"self":403.39955199999997,"total":454.42780539999995,"children":{"CollectObservations":{"count":3341844,"self":6.7674416,"total":6.7674419,"children":null},"WriteActionMask":{"count":3341844,"self":1.7427096,"total":1.7427095,"children":null},"RequestDecision":{"count":3341844,"self":7.1979168,"total":42.518090799999996,"children":{"AgentInfo.ToProto":{"count":3341844,"self":6.261842,"total":35.320174,"children":{"GenerateSensorData":{"count":3341844,"self":22.1848176,"total":29.058332,"children":{"RayPerceptionSensor.Perceive":{"count":3341844,"self":6.8735152,"total":6.8735151,"children":null}}}}}}}}},"DecideAction":{"count":1392433,"self":7150.3806464,"total":7150.3804912,"children":null},"AgentAct":{"count":1392433,"self":1380.1361408,"total":1380.206771,"children":{"AgentInfo.ToProto":{"count":5193,"self":0.0180721,"total":0.0706538,"children":{"GenerateSensorData":{"count":5193,"self":0.0419229,"total":0.052581699999999995,"children":{"RayPerceptionSensor.Perceive":{"count":5193,"self":0.0106588,"total":0.0106588,"children":null}}}}}}},"AgentInfo.ToProto":{"count":4712,"self":0.0307005,"total":0.0919821,"children":{"GenerateSensorData":{"count":4712,"self":0.054242,"total":0.0612816,"children":{"RayPerceptionSensor.Perceive":{"count":4712,"self":0.0070396,"total":0.0070396,"children":null}}}}}},"gauges":{"RoseCar.CumulativeReward":{"count":1837,"max":56991.1836,"min":-341.896667,"runningAverage":656.8707,"value":646.829956,"weightedAverage":221.485474},"RedCar.CumulativeReward":{"count":1776,"max":61997.1563,"min":-571.4998,"runningAverage":585.212646,"value":-23.2101746,"weightedAverage":4.66918659},"VioletCar.CumulativeReward":{"count":881,"max":313154.8,"min":-436.790955,"runningAverage":1881.228,"value":-18.5356865,"weightedAverage":317.2586},"YellowCar.CumulativeReward":{"count":1653,"max":70972.88,"min":-675.0497,"runningAverage":750.3957,"value":1377.24658,"weightedAverage":614.3917},"GreenCar.CumulativeReward":{"count":1791,"max":148368.8,"min":-330.643433,"runningAverage":599.3334,"value":-82.928566,"weightedAverage":176.986771},"BlueCar.CumulativeReward":{"count":1967,"max":21758.0137,"min":-487.472748,"runningAverage":490.410767,"value":3570.68872,"weightedAverage":1030.977}},"metadata":{"timer_format_version":"0.1.0","start_time_seconds":"1752692279","unity_version":"6000.0.49f1","command_line_arguments":"C:\\Program Files\\Unity\\Hub\\Editor\\6000.0.49f1\\Editor\\Unity.exe -projectpath C:\\Users\\giuli\\Desktop\\Giulia\\SistemiComplessiProgettoRL\\Cars2 -useHub -hubIPC -cloudEnvironment production","communication_protocol_version":"1.5.0","com.unity.ml-agents_version":"3.0.0","scene_name":"Addestramento","end_time_seconds":"1752702400"}}