{"count":1,"self":974.97743359999993,"total":3285.6490218,"children":{"InitializeActuators":{"count":48,"self":0.0011183,"total":0.0011183,"children":null},"InitializeSensors":{"count":48,"self":0.0015061,"total":0.0015061,"children":null},"AgentSendState":{"count":440650,"self":318.0834048,"total":353.5943347,"children":{"CollectObservations":{"count":4230240,"self":4.9616644,"total":4.9616644999999995,"children":null},"WriteActionMask":{"count":4230240,"self":1.1456597,"total":1.1456597,"children":null},"RequestDecision":{"count":4230240,"self":4.4863048,"total":29.403606399999997,"children":{"AgentInfo.ToProto":{"count":4230240,"self":3.6530136,"total":24.9173014,"children":{"GenerateSensorData":{"count":4230240,"self":15.3017776,"total":21.264288,"children":{"RayPerceptionSensor.Perceive":{"count":4230240,"self":5.96251,"total":5.9625099,"children":null}}}}}}}}},"DecideAction":{"count":440650,"self":1632.5059583999998,"total":1632.5059402,"children":null},"AgentAct":{"count":440650,"self":324.41963519999996,"total":324.4211372,"children":{"AgentInfo.ToProto":{"count":173,"self":0,"total":0.0015101,"children":{"GenerateSensorData":{"count":173,"self":0.0015101,"total":0.0015101,"children":{"RayPerceptionSensor.Perceive":{"count":173,"self":0,"total":0,"children":null}}}}}}},"AgentInfo.ToProto":{"count":9059,"self":0.0324922,"total":0.1465266,"children":{"GenerateSensorData":{"count":9059,"self":0.093689399999999992,"total":0.1140344,"children":{"RayPerceptionSensor.Perceive":{"count":9059,"self":0.020345,"total":0.020345,"children":null}}}}}},"gauges":{"RedCar.CumulativeReward":{"count":1682,"max":599649.2,"min":-9.374881,"runningAverage":10710.1934,"value":72912.76,"weightedAverage":36896.3},"YellowCar.CumulativeReward":{"count":1496,"max":199283.359,"min":-11.8515511,"runningAverage":11900.3984,"value":54125.9063,"weightedAverage":25839.3887},"BlueCar.CumulativeReward":{"count":1649,"max":229015.453,"min":-303.4094,"runningAverage":10612.54,"value":3364.588,"weightedAverage":23511.41},"GreenCar.CumulativeReward":{"count":1512,"max":232138.578,"min":-12.5491734,"runningAverage":11605.3105,"value":6160.09229,"weightedAverage":24114.6426},"RoseCar.CumulativeReward":{"count":1538,"max":250138.469,"min":-14.2321892,"runningAverage":11501.7129,"value":3088.63062,"weightedAverage":29226.2383},"VioletCar.CumulativeReward":{"count":1355,"max":260864.109,"min":-239.3674,"runningAverage":12958.958,"value":3536.58569,"weightedAverage":12917.2559}},"metadata":{"timer_format_version":"0.1.0","start_time_seconds":"1752858371","unity_version":"6000.0.49f1","command_line_arguments":"C:\\Program Files\\Unity\\Hub\\Editor\\6000.0.49f1\\Editor\\Unity.exe -projectpath D:\\Unity\\Cars2 -useHub -hubIPC -cloudEnvironment production","communication_protocol_version":"1.5.0","com.unity.ml-agents_version":"3.0.0","scene_name":"Addestramento","end_time_seconds":"1752861657"}}