{"count":1,"self":567.47136,"total":3654.9405079999997,"children":{"InitializeActuators":{"count":2,"self":0.0014096999999999998,"total":0.0014096999999999998,"children":null},"InitializeSensors":{"count":2,"self":0.0020477,"total":0.0020477,"children":null},"AgentSendState":{"count":1601767,"self":84.1790592,"total":97.0651266,"children":{"CollectObservations":{"count":640708,"self":1.6805303999999999,"total":1.6805303,"children":null},"WriteActionMask":{"count":640708,"self":0.3675188,"total":0.3675188,"children":null},"RequestDecision":{"count":640708,"self":1.8272651999999998,"total":10.8380162,"children":{"AgentInfo.ToProto":{"count":640708,"self":1.8081349999999998,"total":9.0107511,"children":{"GenerateSensorData":{"count":640708,"self":5.7717991999999994,"total":7.2026160999999993,"children":{"RayPerceptionSensor.Perceive":{"count":640708,"self":1.4308169,"total":1.4308169,"children":null}}}}}}}}},"DecideAction":{"count":1601767,"self":2834.6755072,"total":2834.6754524999997,"children":null},"AgentAct":{"count":1601767,"self":155.71038719999999,"total":155.71391839999998,"children":{"AgentInfo.ToProto":{"count":612,"self":0.0025352,"total":0.0035345,"children":{"GenerateSensorData":{"count":612,"self":0,"total":0.0009993,"children":{"RayPerceptionSensor.Perceive":{"count":612,"self":0.0009993,"total":0.0009993,"children":null}}}}}}},"AgentInfo.ToProto":{"count":250,"self":0.0020039,"total":0.010177499999999999,"children":{"GenerateSensorData":{"count":250,"self":0.0051459,"total":0.0081736,"children":{"RayPerceptionSensor.Perceive":{"count":250,"self":0.0030277,"total":0.0030277,"children":null}}}}}},"gauges":{"BlueCar.CumulativeReward":{"count":445,"max":3603.7,"min":-60.75643,"runningAverage":1920.44031,"value":2355.49976,"weightedAverage":1971.63208},"RedCar.CumulativeReward":{"count":417,"max":3760.04126,"min":-65.0831757,"runningAverage":2071.393,"value":838.112,"weightedAverage":1409.34033}},"metadata":{"timer_format_version":"0.1.0","start_time_seconds":"1752601137","unity_version":"6000.0.49f1","command_line_arguments":"C:\\Program Files\\Unity\\Hub\\Editor\\6000.0.49f1\\Editor\\Unity.exe -projectpath C:\\Users\\giuli\\Desktop\\Giulia\\SistemiComplessiProgettoRL\\Cars2 -useHub -hubIPC -cloudEnvironment production","communication_protocol_version":"1.5.0","com.unity.ml-agents_version":"3.0.0","scene_name":"Addestramento","end_time_seconds":"1752604792"}}