{"count":1,"self":881.69779199999994,"total":4321.8021928,"children":{"InitializeActuators":{"count":8,"self":0.001093,"total":0.001093,"children":null},"InitializeSensors":{"count":8,"self":0.0011099,"total":0.0011099,"children":null},"AgentSendState":{"count":1202434,"self":231.0463744,"total":260.7150578,"children":{"CollectObservations":{"count":1923896,"self":3.8370648,"total":3.8370645999999997,"children":null},"WriteActionMask":{"count":1923896,"self":0.94878489999999993,"total":0.94878489999999993,"children":null},"RequestDecision":{"count":1923896,"self":4.1446908,"total":24.8828291,"children":{"AgentInfo.ToProto":{"count":1923896,"self":3.7473427999999998,"total":20.7381383,"children":{"GenerateSensorData":{"count":1923896,"self":13.0628808,"total":16.9907956,"children":{"RayPerceptionSensor.Perceive":{"count":1923896,"self":3.9279148,"total":3.9279148,"children":null}}}}}}}}},"DecideAction":{"count":1202434,"self":2944.70144,"total":2944.7015382,"children":null},"AgentAct":{"count":1202434,"self":234.60608,"total":234.6295894,"children":{"AgentInfo.ToProto":{"count":818,"self":0.0030811,"total":0.0235073,"children":{"GenerateSensorData":{"count":818,"self":0.0150221,"total":0.0204262,"children":{"RayPerceptionSensor.Perceive":{"count":818,"self":0.0054040999999999994,"total":0.0054040999999999994,"children":null}}}}}}},"AgentInfo.ToProto":{"count":2694,"self":0.0125481,"total":0.054459299999999995,"children":{"GenerateSensorData":{"count":2694,"self":0.039389,"total":0.041911199999999996,"children":{"RayPerceptionSensor.Perceive":{"count":2694,"self":0.0025222,"total":0.0025222,"children":null}}}}}},"gauges":{"RedCar.CumulativeReward":{"count":1508,"max":36783.99,"min":-5182.365,"runningAverage":4608.032,"value":-1325.63269,"weightedAverage":1439.9303},"BlueCar.CumulativeReward":{"count":2004,"max":42725.9766,"min":-6072.64063,"runningAverage":2708.9397,"value":492.5093,"weightedAverage":1845.1405}},"metadata":{"timer_format_version":"0.1.0","start_time_seconds":"1752345399","unity_version":"6000.0.49f1","command_line_arguments":"C:\\Program Files\\Unity\\Hub\\Editor\\6000.0.49f1\\Editor\\Unity.exe -projectpath C:\\Users\\giuli\\Desktop\\Giulia\\SistemiComplessiProgettoRL\\Cars2 -useHub -hubIPC -cloudEnvironment production","communication_protocol_version":"1.5.0","com.unity.ml-agents_version":"3.0.0","scene_name":"AddestramentoNoRunTime","end_time_seconds":"1752349720"}}