{"count":1,"self":37.529222399999995,"total":340.9259418,"children":{"InitializeActuators":{"count":4,"self":0.0010035999999999999,"total":0.0010035999999999999,"children":null},"InitializeSensors":{"count":4,"self":0.0025134999999999997,"total":0.0025134999999999997,"children":null},"AgentSendState":{"count":153684,"self":5.7209547999999995,"total":6.3624471,"children":{"CollectObservations":{"count":61474,"self":0.0780864,"total":0.0780864,"children":null},"WriteActionMask":{"count":61474,"self":0.013256599999999999,"total":0.013256599999999999,"children":null},"RequestDecision":{"count":61474,"self":0.096853299999999989,"total":0.5501494,"children":{"AgentInfo.ToProto":{"count":61474,"self":0.0998439,"total":0.4532961,"children":{"GenerateSensorData":{"count":61474,"self":0.29587569999999996,"total":0.3534522,"children":{"RayPerceptionSensor.Perceive":{"count":61474,"self":0.057576499999999996,"total":0.057576499999999996,"children":null}}}}}}}}},"DecideAction":{"count":153684,"self":287.1322368,"total":287.13222659999997,"children":null},"AgentAct":{"count":153684,"self":9.5274568,"total":9.898527099999999,"children":{"AgentInfo.ToProto":{"count":61107,"self":0.0681498,"total":0.37107029999999996,"children":{"GenerateSensorData":{"count":61107,"self":0.2332482,"total":0.3029205,"children":{"RayPerceptionSensor.Perceive":{"count":61107,"self":0.069672299999999993,"total":0.069672299999999993,"children":null}}}}}}},"AgentInfo.ToProto":{"count":2,"self":0,"total":0,"children":{"GenerateSensorData":{"count":2,"self":0,"total":0,"children":{"RayPerceptionSensor.Perceive":{"count":2,"self":0,"total":0,"children":null}}}}}},"gauges":{"Car.CumulativeReward":{"count":61109,"max":1001.52667,"min":-139.203522,"runningAverage":-93.2398453,"value":-92.5123138,"weightedAverage":-92.5115356}},"metadata":{"timer_format_version":"0.1.0","start_time_seconds":"1751835739","unity_version":"6000.0.49f1","command_line_arguments":"C:\\Program Files\\Unity\\Hub\\Editor\\6000.0.49f1\\Editor\\Unity.exe -projectpath D:\\Unity\\Cars2 -useHub -hubIPC -cloudEnvironment production","communication_protocol_version":"1.5.0","com.unity.ml-agents_version":"3.0.0","scene_name":"Addestramento","end_time_seconds":"1751836080"}}