{"count":1,"self":415.0075136,"total":2213.9857872,"children":{"InitializeActuators":{"count":8,"self":0.00050789999999999993,"total":0.00050789999999999993,"children":null},"InitializeSensors":{"count":8,"self":0.0025152,"total":0.0025152,"children":null},"AgentSendState":{"count":625133,"self":120.32224,"total":135.6200634,"children":{"CollectObservations":{"count":1000216,"self":1.9181511999999998,"total":1.9181511,"children":null},"WriteActionMask":{"count":1000216,"self":0.5149812,"total":0.5149812,"children":null},"RequestDecision":{"count":1000216,"self":2.1900758,"total":12.864692,"children":{"AgentInfo.ToProto":{"count":1000216,"self":1.9339663999999999,"total":10.674616199999999,"children":{"GenerateSensorData":{"count":1000216,"self":6.7985288,"total":8.7406499,"children":{"RayPerceptionSensor.Perceive":{"count":1000216,"self":1.9421214,"total":1.9421214,"children":null}}}}}}}}},"DecideAction":{"count":625133,"self":1547.5122176,"total":1547.5122004999998,"children":null},"AgentAct":{"count":625133,"self":115.82444799999999,"total":115.83362939999999,"children":{"AgentInfo.ToProto":{"count":393,"self":0.0050615999999999994,"total":0.0091839,"children":{"GenerateSensorData":{"count":393,"self":0.0026105,"total":0.0041223,"children":{"RayPerceptionSensor.Perceive":{"count":393,"self":0.0015118,"total":0.0015118,"children":null}}}}}}},"AgentInfo.ToProto":{"count":721,"self":0.0027210999999999997,"total":0.0078418,"children":{"GenerateSensorData":{"count":721,"self":0.0041137,"total":0.0051207,"children":{"RayPerceptionSensor.Perceive":{"count":721,"self":0.0010069999999999999,"total":0.0010069999999999999,"children":null}}}}}},"gauges":{"RedCar.CumulativeReward":{"count":586,"max":38179.63,"min":-7327.58,"runningAverage":5302.437,"value":8065.275,"weightedAverage":9647.954},"BlueCar.CumulativeReward":{"count":528,"max":37367.9766,"min":-6664.80469,"runningAverage":6388.03857,"value":12555.9736,"weightedAverage":12291.5566}},"metadata":{"timer_format_version":"0.1.0","start_time_seconds":"1752329436","unity_version":"6000.0.49f1","command_line_arguments":"C:\\Program Files\\Unity\\Hub\\Editor\\6000.0.49f1\\Editor\\Unity.exe -projectpath C:\\Users\\giuli\\Desktop\\Giulia\\SistemiComplessiProgettoRL\\Cars2 -useHub -hubIPC -cloudEnvironment production","communication_protocol_version":"1.5.0","com.unity.ml-agents_version":"3.0.0","scene_name":"Addestramento","end_time_seconds":"1752331650"}}