{"count":1,"self":3.2348288,"total":19.9561873,"children":{"InitializeActuators":{"count":8,"self":0.0010039,"total":0.0010039,"children":null},"InitializeSensors":{"count":8,"self":0.00099899999999999989,"total":0.00099899999999999989,"children":null},"AgentSendState":{"count":2883,"self":0.2143231,"total":0.2605156,"children":{"CollectObservations":{"count":4616,"self":0.0030087,"total":0.0030087,"children":null},"WriteActionMask":{"count":4616,"self":0.0018164,"total":0.0018164,"children":null},"RequestDecision":{"count":4616,"self":0.011384,"total":0.0413674,"children":{"AgentInfo.ToProto":{"count":4616,"self":0.0035052,"total":0.0299834,"children":{"GenerateSensorData":{"count":4616,"self":0.0209552,"total":0.0264782,"children":{"RayPerceptionSensor.Perceive":{"count":4616,"self":0.005523,"total":0.005523,"children":null}}}}}}}}},"DecideAction":{"count":2883,"self":16.072508799999998,"total":16.072508499999998,"children":null},"AgentAct":{"count":2883,"self":0.3607994,"total":0.38580149999999996,"children":{"AgentInfo.ToProto":{"count":3033,"self":0.0065369999999999994,"total":0.0250021,"children":{"GenerateSensorData":{"count":3033,"self":0.013943599999999999,"total":0.018465099999999998,"children":{"RayPerceptionSensor.Perceive":{"count":3033,"self":0.0045214999999999995,"total":0.0045214999999999995,"children":null}}}}}}}},"gauges":{"RedCar.CumulativeReward":{"count":1435,"max":684.1992,"min":-3117.24951,"runningAverage":-3.58576822,"value":2.50055814,"weightedAverage":-0.199194312},"BlueCar.CumulativeReward":{"count":1598,"max":1367.899,"min":-1753.49683,"runningAverage":-2.81374645,"value":2.50012374,"weightedAverage":-0.7145324}},"metadata":{"timer_format_version":"0.1.0","start_time_seconds":"1751985145","unity_version":"6000.0.49f1","command_line_arguments":"C:\\Program Files\\Unity\\Hub\\Editor\\6000.0.49f1\\Editor\\Unity.exe -projectpath D:\\Unity\\Cars2 -useHub -hubIPC -cloudEnvironment production","communication_protocol_version":"1.5.0","com.unity.ml-agents_version":"3.0.0","scene_name":"Addestramento","end_time_seconds":"1751985165"}}