{"count":1,"self":1225.8013184,"total":6898.6256423999994,"children":{"InitializeActuators":{"count":8,"self":0.0010168,"total":0.0010168,"children":null},"InitializeSensors":{"count":8,"self":0.0015206999999999998,"total":0.0015206999999999998,"children":null},"AgentSendState":{"count":1829317,"self":412.07403519999997,"total":463.7711829,"children":{"CollectObservations":{"count":2926912,"self":6.9057239999999993,"total":6.9057236999999994,"children":null},"WriteActionMask":{"count":2926912,"self":1.6372780999999998,"total":1.6372780999999998,"children":null},"RequestDecision":{"count":2926912,"self":6.9719223999999995,"total":43.154157399999995,"children":{"AgentInfo.ToProto":{"count":2926912,"self":6.4437272,"total":36.182234799999996,"children":{"GenerateSensorData":{"count":2926912,"self":22.9134656,"total":29.7385076,"children":{"RayPerceptionSensor.Perceive":{"count":2926912,"self":6.8250416,"total":6.8250418999999996,"children":null}}}}}}}}},"DecideAction":{"count":1829317,"self":5134.2614527999995,"total":5134.2612543,"children":null},"AgentAct":{"count":1829317,"self":74.5528896,"total":74.6192441,"children":{"AgentInfo.ToProto":{"count":3146,"self":0.018904,"total":0.066354799999999992,"children":{"GenerateSensorData":{"count":3146,"self":0.0422497,"total":0.0474508,"children":{"RayPerceptionSensor.Perceive":{"count":3146,"self":0.0052011,"total":0.0052011,"children":null}}}}}}},"AgentInfo.ToProto":{"count":7004,"self":0.0433073,"total":0.1685855,"children":{"GenerateSensorData":{"count":7004,"self":0.0995655,"total":0.1252782,"children":{"RayPerceptionSensor.Perceive":{"count":7004,"self":0.025712699999999998,"total":0.025712699999999998,"children":null}}}}}},"gauges":{"RedCar.CumulativeReward":{"count":5149,"max":11068.6924,"min":-2790.56616,"runningAverage":1447.7948,"value":1719.77783,"weightedAverage":2879.793},"BlueCar.CumulativeReward":{"count":5001,"max":11462.8848,"min":-2881.14,"runningAverage":1443.15784,"value":5333.201,"weightedAverage":2636.17456}},"metadata":{"timer_format_version":"0.1.0","start_time_seconds":"1752246687","unity_version":"6000.0.49f1","command_line_arguments":"C:\\Program Files\\Unity\\Hub\\Editor\\6000.0.49f1\\Editor\\Unity.exe -projectpath C:\\Users\\giuli\\Desktop\\Giulia\\SistemiComplessiProgettoRL\\Cars2 -useHub -hubIPC -cloudEnvironment production","communication_protocol_version":"1.5.0","com.unity.ml-agents_version":"3.0.0","scene_name":"Addestramento","end_time_seconds":"1752253585"}}