{"count":1,"self":20.3237824,"total":73.5662639,"children":{"InitializeActuators":{"count":6,"self":0.0020927,"total":0.0020927,"children":null},"InitializeSensors":{"count":6,"self":0.0025201,"total":0.0025201,"children":null},"AgentSendState":{"count":12066,"self":1.799416,"total":2.0531726999999997,"children":{"CollectObservations":{"count":14484,"self":0.0280417,"total":0.0280417,"children":null},"WriteActionMask":{"count":14484,"self":0.012874199999999999,"total":0.012874199999999999,"children":null},"RequestDecision":{"count":14484,"self":0.046608,"total":0.2128408,"children":{"AgentInfo.ToProto":{"count":14484,"self":0.0327125,"total":0.16623279999999999,"children":{"GenerateSensorData":{"count":14484,"self":0.0969699,"total":0.13352029999999998,"children":{"RayPerceptionSensor.Perceive":{"count":14484,"self":0.0365504,"total":0.0365504,"children":null}}}}}}}}},"DecideAction":{"count":12066,"self":49.5359584,"total":49.535959299999995,"children":null},"AgentAct":{"count":12066,"self":1.6472269,"total":1.6477324999999998,"children":{"AgentInfo.ToProto":{"count":43,"self":0,"total":0.00050559999999999993,"children":{"GenerateSensorData":{"count":43,"self":0.00050559999999999993,"total":0.00050559999999999993,"children":{"RayPerceptionSensor.Perceive":{"count":43,"self":0,"total":0,"children":null}}}}}}},"AgentInfo.ToProto":{"count":6,"self":0,"total":0,"children":{"GenerateSensorData":{"count":6,"self":0,"total":0,"children":{"RayPerceptionSensor.Perceive":{"count":6,"self":0,"total":0,"children":null}}}}}},"gauges":{"GreenCar.CumulativeReward":{"count":6,"max":25.9055862,"min":-9.610584,"runningAverage":6.901216,"value":14.533308,"weightedAverage":7.43730974},"YellowCar.CumulativeReward":{"count":12,"max":7.417614,"min":-12.9991627,"runningAverage":-3.44345522,"value":-5.94325447,"weightedAverage":-2.747852},"VioletCar.CumulativeReward":{"count":10,"max":21.8889923,"min":-22.7744255,"runningAverage":-2.334319,"value":-3.811022,"weightedAverage":-5.36879349},"RedCar.CumulativeReward":{"count":4,"max":8.162735,"min":-8.611805,"runningAverage":-0.9611869,"value":-8.611805,"weightedAverage":-1.53442216},"BlueCar.CumulativeReward":{"count":10,"max":214.432755,"min":-9.067539,"runningAverage":20.1876755,"value":214.432755,"weightedAverage":51.8044739},"RoseCar.CumulativeReward":{"count":7,"max":9.230788,"min":-6.782835,"runningAverage":0.5668024,"value":-0.6587501,"weightedAverage":0.757187068}},"metadata":{"timer_format_version":"0.1.0","start_time_seconds":"1752677685","unity_version":"6000.0.49f1","command_line_arguments":"C:\\Program Files\\Unity\\Hub\\Editor\\6000.0.49f1\\Editor\\Unity.exe -projectpath C:\\Users\\giuli\\Desktop\\Giulia\\SistemiComplessiProgettoRL\\Cars2 -useHub -hubIPC -cloudEnvironment production","communication_protocol_version":"1.5.0","com.unity.ml-agents_version":"3.0.0","scene_name":"Addestramento","end_time_seconds":"1752677759"}}