{"count":1,"self":36.2617888,"total":64.662122799999992,"children":{"InitializeActuators":{"count":32,"self":0.0015022,"total":0.0015022,"children":null},"InitializeSensors":{"count":32,"self":0,"total":0,"children":null},"AgentSendState":{"count":2633,"self":0.7089343,"total":0.8267935,"children":{"CollectObservations":{"count":16864,"self":0.0161204,"total":0.0161204,"children":null},"WriteActionMask":{"count":16864,"self":0.0055477999999999994,"total":0.0055477999999999994,"children":null},"RequestDecision":{"count":16864,"self":0.0266794,"total":0.096191,"children":{"AgentInfo.ToProto":{"count":16864,"self":0.0075415,"total":0.069511599999999993,"children":{"GenerateSensorData":{"count":16864,"self":0.0504369,"total":0.0619701,"children":{"RayPerceptionSensor.Perceive":{"count":16864,"self":0.011533199999999999,"total":0.011533199999999999,"children":null}}}}}}}}},"DecideAction":{"count":2633,"self":26.442787199999998,"total":26.442787799999998,"children":null},"AgentAct":{"count":2633,"self":1.0788510999999998,"total":1.1292507,"children":{"AgentInfo.ToProto":{"count":11977,"self":0.0094144,"total":0.050399599999999996,"children":{"GenerateSensorData":{"count":11977,"self":0.0357605,"total":0.0409852,"children":{"RayPerceptionSensor.Perceive":{"count":11977,"self":0.0052247,"total":0.0052247,"children":null}}}}}}}},"gauges":{"Car.CumulativeReward":{"count":11977,"max":620.8876,"min":-7175.707,"runningAverage":-9.610531,"value":2.487513,"weightedAverage":-0.408741325}},"metadata":{"timer_format_version":"0.1.0","start_time_seconds":"1751967102","unity_version":"6000.0.49f1","command_line_arguments":"C:\\Program Files\\Unity\\Hub\\Editor\\6000.0.49f1\\Editor\\Unity.exe -projectpath D:\\Unity\\Cars2 -useHub -hubIPC -cloudEnvironment production","communication_protocol_version":"1.5.0","com.unity.ml-agents_version":"3.0.0","scene_name":"Addestramento","end_time_seconds":"1751967167"}}