{"count":1,"self":865.92501759999993,"total":4280.3406509,"children":{"InitializeActuators":{"count":12,"self":0.0010144,"total":0.0010144,"children":null},"InitializeSensors":{"count":12,"self":0.0020575999999999997,"total":0.0020575999999999997,"children":null},"AgentSendState":{"count":2180818,"self":679.6677632,"total":724.7588853,"children":{"CollectObservations":{"count":5233968,"self":6.6990903999999993,"total":6.6990903999999993,"children":null},"WriteActionMask":{"count":5233968,"self":1.3236993,"total":1.3236993,"children":null},"RequestDecision":{"count":5233968,"self":5.4826163999999995,"total":37.0683334,"children":{"AgentInfo.ToProto":{"count":5233968,"self":4.7967363999999995,"total":31.5857171,"children":{"GenerateSensorData":{"count":5233968,"self":19.675876799999998,"total":26.7889807,"children":{"RayPerceptionSensor.Perceive":{"count":5233968,"self":7.113104,"total":7.1131037999999993,"children":null}}}}}}}}},"DecideAction":{"count":2180818,"self":2635.4825216,"total":2635.4824792,"children":null},"AgentAct":{"count":2180818,"self":54.0667392,"total":54.1439727,"children":{"AgentInfo.ToProto":{"count":6332,"self":0.023797,"total":0.07723519999999999,"children":{"GenerateSensorData":{"count":6332,"self":0.040325,"total":0.0534382,"children":{"RayPerceptionSensor.Perceive":{"count":6332,"self":0.0131132,"total":0.0131132,"children":null}}}}}}},"AgentInfo.ToProto":{"count":2362,"self":0.0080863,"total":0.0272356,"children":{"GenerateSensorData":{"count":2362,"self":0.0176433,"total":0.019149299999999998,"children":{"RayPerceptionSensor.Perceive":{"count":2362,"self":0.001506,"total":0.001506,"children":null}}}}}},"gauges":{"BlueCar.CumulativeReward":{"count":1427,"max":82477.19,"min":-5.837906,"runningAverage":4320.88672,"value":9526.59,"weightedAverage":6933.329},"RedCar.CumulativeReward":{"count":7267,"max":3684.034,"min":-345.691284,"runningAverage":3168.643,"value":3519.92358,"weightedAverage":2862.70972}},"metadata":{"timer_format_version":"0.1.0","start_time_seconds":"1751380146","unity_version":"6000.0.49f1","command_line_arguments":"C:\\Program Files\\Unity\\Hub\\Editor\\6000.0.49f1\\Editor\\Unity.exe -projectpath D:\\Unity\\Cars2 -useHub -hubIPC -cloudEnvironment production","communication_protocol_version":"1.5.0","com.unity.ml-agents_version":"3.0.0","scene_name":"MainScene","end_time_seconds":"1751384426"}}