{"count":1,"self":2435.3183744,"total":14453.2319825,"children":{"InitializeActuators":{"count":10,"self":0.0015026999999999998,"total":0.0015026999999999998,"children":null},"InitializeSensors":{"count":10,"self":0.0015164,"total":0.0015164,"children":null},"AgentSendState":{"count":3239385,"self":908.7724544,"total":1001.8890055999999,"children":{"CollectObservations":{"count":6478770,"self":19.178736,"total":19.1787358,"children":null},"WriteActionMask":{"count":6478770,"self":3.7327923999999997,"total":3.7327923999999997,"children":null},"RequestDecision":{"count":6478770,"self":13.7130432,"total":70.205066399999993,"children":{"AgentInfo.ToProto":{"count":6478770,"self":11.770816,"total":56.4920225,"children":{"GenerateSensorData":{"count":6478770,"self":37.8735968,"total":44.7212063,"children":{"RayPerceptionSensor.Perceive":{"count":6478770,"self":6.8476111999999993,"total":6.8476108999999994,"children":null}}}}}}}}},"DecideAction":{"count":3239385,"self":10882.7557888,"total":10882.7554611,"children":null},"AgentAct":{"count":3239385,"self":132.7768832,"total":133.0609838,"children":{"AgentInfo.ToProto":{"count":15701,"self":0.0821708,"total":0.2840998,"children":{"GenerateSensorData":{"count":15701,"self":0.17231729999999998,"total":0.201929,"children":{"RayPerceptionSensor.Perceive":{"count":15701,"self":0.029611699999999998,"total":0.029611699999999998,"children":null}}}}}}},"AgentInfo.ToProto":{"count":9962,"self":0.049018099999999995,"total":0.205115,"children":{"GenerateSensorData":{"count":9962,"self":0.1277772,"total":0.15609689999999998,"children":{"RayPerceptionSensor.Perceive":{"count":9962,"self":0.0283197,"total":0.0283197,"children":null}}}}}},"gauges":{"BlueCar.CumulativeReward":{"count":9893,"max":5526.22949,"min":-20.0000038,"runningAverage":729.1295,"value":405.661377,"weightedAverage":1058.79431},"RedCar.CumulativeReward":{"count":15770,"max":24282.4727,"min":-17.9383678,"runningAverage":2547.52539,"value":2442.25024,"weightedAverage":4978.357}},"metadata":{"timer_format_version":"0.1.0","start_time_seconds":"1751274779","unity_version":"6000.0.49f1","command_line_arguments":"C:\\Program Files\\Unity\\Hub\\Editor\\6000.0.49f1\\Editor\\Unity.exe -projectpath C:\\Users\\giuli\\Desktop\\Giulia\\SistemiComplessiProgettoRL\\Cars2 -useHub -hubIPC -cloudEnvironment production","communication_protocol_version":"1.5.0","com.unity.ml-agents_version":"3.0.0","scene_name":"MainScene","end_time_seconds":"1751289232"}}