{"count":1,"self":784.4141568,"total":818.28001769999992,"children":{"InitializeActuators":{"count":36,"self":0.0015034,"total":0.0015034,"children":null},"InitializeSensors":{"count":36,"self":0.0015941,"total":0.0015941,"children":null},"AgentSendState":{"count":37794,"self":21.4915392,"total":22.483914,"children":{"CollectObservations":{"count":272124,"self":0.4557285,"total":0.4557285,"children":null},"WriteActionMask":{"count":272124,"self":0.0829062,"total":0.0829062,"children":null},"RequestDecision":{"count":272124,"self":0.2352944,"total":0.4537406,"children":{"RayPerceptionSensor.Perceive":{"count":241888,"self":0.21844619999999998,"total":0.21844619999999998,"children":null}}}}},"DecideAction":{"count":37794,"self":5.7885572,"total":6.1207793,"children":{"RayPerceptionSensor.Perceive":{"count":30236,"self":0.33222209999999996,"total":0.33222209999999996,"children":null}}},"AgentAct":{"count":37794,"self":5.2524859999999993,"total":5.2575489,"children":{"RayPerceptionSensor.Perceive":{"count":2304,"self":0.0050628999999999995,"total":0.0050628999999999995,"children":null}}}},"gauges":{"BlueCar.CumulativeReward":{"count":1541,"max":3658.99927,"min":-21.1931648,"runningAverage":42.79185,"value":-21.19246,"weightedAverage":-12.144434},"RedCar.CumulativeReward":{"count":839,"max":3628.8728,"min":-22.240572,"runningAverage":139.00119,"value":-22.2385426,"weightedAverage":-13.2965555}},"metadata":{"timer_format_version":"0.1.0","start_time_seconds":"1751295447","unity_version":"6000.0.49f1","command_line_arguments":"C:\\Program Files\\Unity\\Hub\\Editor\\6000.0.49f1\\Editor\\Unity.exe -projectpath D:\\Unity\\Cars2 -useHub -hubIPC -cloudEnvironment production","communication_protocol_version":"1.5.0","com.unity.ml-agents_version":"3.0.0","scene_name":"MainScene","end_time_seconds":"1751296265"}}