{"count":1,"self":317.089408,"total":1970.7490599,"children":{"InitializeActuators":{"count":10,"self":0.00202,"total":0.00202,"children":null},"InitializeSensors":{"count":10,"self":0.0025125,"total":0.0025125,"children":null},"AgentSendState":{"count":376767,"self":107.70143999999999,"total":235.38138469999998,"children":{"CollectObservations":{"count":753540,"self":2.0542784,"total":2.0542783,"children":null},"WriteActionMask":{"count":753540,"self":0.4850483,"total":0.4850483,"children":null},"RequestDecision":{"count":753540,"self":2.0761217999999997,"total":125.1406224,"children":{"AgentInfo.ToProto":{"count":753540,"self":2.1385226,"total":123.06450059999999,"children":{"GenerateSensorData":{"count":753540,"self":120.0028416,"total":120.925978,"children":{"RayPerceptionSensor.Perceive":{"count":753540,"self":0.92313119999999993,"total":0.92313119999999993,"children":null}}}}}}}}},"DecideAction":{"count":376767,"self":1314.520576,"total":1314.5205495999999,"children":null},"AgentAct":{"count":376767,"self":103.30049919999999,"total":103.4639577,"children":{"AgentInfo.ToProto":{"count":469,"self":0.0020036999999999998,"total":0.16346,"children":{"GenerateSensorData":{"count":469,"self":0.1614563,"total":0.1614563,"children":{"RayPerceptionSensor.Perceive":{"count":469,"self":0,"total":0,"children":null}}}}}}},"AgentInfo.ToProto":{"count":880,"self":0.0075527999999999993,"total":0.28772349999999997,"children":{"GenerateSensorData":{"count":880,"self":0.27910989999999997,"total":0.2801707,"children":{"RayPerceptionSensor.Perceive":{"count":880,"self":0.0010608,"total":0.0010608,"children":null}}}}}},"gauges":{"BlueCar.CumulativeReward":{"count":833,"max":52960.3125,"min":-1831.02332,"runningAverage":6371.016,"value":37589.2852,"weightedAverage":25400.6777},"RedCar.CumulativeReward":{"count":516,"max":112165.969,"min":-1026.90271,"runningAverage":9933.982,"value":36266.04,"weightedAverage":30978.4883}},"metadata":{"timer_format_version":"0.1.0","start_time_seconds":"1752255878","unity_version":"6000.0.49f1","command_line_arguments":"C:\\Program Files\\Unity\\Hub\\Editor\\6000.0.49f1\\Editor\\Unity.exe -projectpath C:\\Users\\giuli\\Desktop\\Giulia\\SistemiComplessiProgettoRL\\Cars2 -useHub -hubIPC -cloudEnvironment production","communication_protocol_version":"1.5.0","com.unity.ml-agents_version":"3.0.0","scene_name":"MainScene","end_time_seconds":"1752257849"}}