{"count":1,"self":31.3999232,"total":138.8050887,"children":{"InitializeActuators":{"count":32,"self":0.0010011,"total":0.0010011,"children":null},"InitializeSensors":{"count":32,"self":0.0010042,"total":0.0010042,"children":null},"AgentSendState":{"count":32934,"self":20.135216,"total":41.2823476,"children":{"CollectObservations":{"count":210784,"self":0.60732199999999992,"total":0.60732199999999992,"children":null},"WriteActionMask":{"count":210784,"self":0.0559538,"total":0.0559538,"children":null},"RequestDecision":{"count":210784,"self":0.2688876,"total":20.4838554,"children":{"AgentInfo.ToProto":{"count":210784,"self":0.22335839999999998,"total":20.2149678,"children":{"GenerateSensorData":{"count":210784,"self":19.670753599999998,"total":19.991609399999998,"children":{"RayPerceptionSensor.Perceive":{"count":210784,"self":0.3208551,"total":0.3208551,"children":null}}}}}}}}},"DecideAction":{"count":32934,"self":63.465465599999995,"total":63.4654653,"children":null},"AgentAct":{"count":32934,"self":2.4472088,"total":2.5291465,"children":{"AgentInfo.ToProto":{"count":327,"self":0.0019996,"total":0.081937799999999991,"children":{"GenerateSensorData":{"count":327,"self":0.0789348,"total":0.0799382,"children":{"RayPerceptionSensor.Perceive":{"count":327,"self":0.0010034,"total":0.0010034,"children":null}}}}}}},"AgentInfo.ToProto":{"count":635,"self":0.005081,"total":0.1251976,"children":{"GenerateSensorData":{"count":635,"self":0.12011659999999999,"total":0.12011659999999999,"children":{"RayPerceptionSensor.Perceive":{"count":635,"self":0,"total":0,"children":null}}}}}},"gauges":{"BlueCar.CumulativeReward":{"count":322,"max":1398.97437,"min":-1542.51855,"runningAverage":680.7516,"value":1208.83081,"weightedAverage":898.4557},"RedCar.CumulativeReward":{"count":640,"max":1576.07739,"min":-1140.44214,"runningAverage":896.230347,"value":1395.01453,"weightedAverage":1275.62659}},"metadata":{"timer_format_version":"0.1.0","start_time_seconds":"1751280159","unity_version":"6000.0.49f1","command_line_arguments":"C:\\Program Files\\Unity\\Hub\\Editor\\6000.0.49f1\\Editor\\Unity.exe -projectpath D:\\Unity\\Cars2 -useHub -hubIPC -cloudEnvironment production","communication_protocol_version":"1.5.0","com.unity.ml-agents_version":"3.0.0","scene_name":"MainScene","end_time_seconds":"1751280298"}}