{"count":1,"self":148.7355648,"total":151.6455991,"children":{"InitializeActuators":{"count":10,"self":0.00099969999999999985,"total":0.00099969999999999985,"children":null},"InitializeSensors":{"count":10,"self":0.0010322999999999999,"total":0.0010322999999999999,"children":null},"AgentSendState":{"count":7323,"self":1.3365125,"total":1.4675323,"children":{"CollectObservations":{"count":14650,"self":0.061363299999999996,"total":0.061363299999999996,"children":null},"WriteActionMask":{"count":14650,"self":0.0207672,"total":0.0207672,"children":null},"RequestDecision":{"count":14650,"self":0.032807699999999995,"total":0.0488893,"children":{"RayPerceptionSensor.Perceive":{"count":11720,"self":0.016081599999999998,"total":0.016081599999999998,"children":null}}}}},"DecideAction":{"count":7323,"self":0.9928653,"total":1.0154205,"children":{"RayPerceptionSensor.Perceive":{"count":2930,"self":0.022555199999999997,"total":0.022555199999999997,"children":null}}},"AgentAct":{"count":7323,"self":0.4235195,"total":0.4235195,"children":null}},"gauges":{"RedCar.CumulativeReward":{"count":2,"max":-5.931161,"min":-6.01299524,"runningAverage":-5.97207832,"value":-6.01299524,"weightedAverage":-5.95161963},"BlueCar.CumulativeReward":{"count":5,"max":820.261,"min":27.7693138,"runningAverage":656.378052,"value":27.7693138,"weightedAverage":616.8801}},"metadata":{"timer_format_version":"0.1.0","start_time_seconds":"1751314046","unity_version":"6000.0.49f1","command_line_arguments":"C:\\Program Files\\Unity\\Hub\\Editor\\6000.0.49f1\\Editor\\Unity.exe -projectpath C:\\Users\\giuli\\Desktop\\Giulia\\SistemiComplessiProgettoRL\\Cars2 -useHub -hubIPC -cloudEnvironment production","communication_protocol_version":"1.5.0","com.unity.ml-agents_version":"3.0.0","scene_name":"MainScene","end_time_seconds":"1751314197"}}