{"count":1,"self":16.3068272,"total":81.3558055,"children":{"InitializeActuators":{"count":2,"self":0.0015092999999999999,"total":0.0015092999999999999,"children":null},"InitializeSensors":{"count":2,"self":0.0009994,"total":0.0009994,"children":null},"AgentSendState":{"count":51267,"self":0.062364499999999996,"total":0.22121649999999998,"children":{"CollectObservations":{"count":20508,"self":0.0298228,"total":0.0298228,"children":null},"WriteActionMask":{"count":20508,"self":0.0037311999999999996,"total":0.0037311999999999996,"children":null},"RequestDecision":{"count":20508,"self":0.0286935,"total":0.125298,"children":{"AgentInfo.ToProto":{"count":20508,"self":0.0361835,"total":0.0966045,"children":{"GenerateSensorData":{"count":20508,"self":0.060420999999999996,"total":0.060420999999999996,"children":null}}}}}}},"DecideAction":{"count":51267,"self":64.4954944,"total":64.4954944,"children":null},"AgentAct":{"count":51267,"self":0.32975909999999997,"total":0.32975909999999997,"children":null},"AgentInfo.ToProto":{"count":6,"self":0,"total":0,"children":{"GenerateSensorData":{"count":6,"self":0,"total":0,"children":null}}}},"gauges":{"BlueCar.CumulativeReward":{"count":2,"max":185.0059,"min":179.639389,"runningAverage":182.322647,"value":185.0059,"weightedAverage":180.981018},"RedCar.CumulativeReward":{"count":4,"max":6.805647E+37,"min":5.104235E+37,"runningAverage":5.52958826E+37,"value":5.104235E+37,"weightedAverage":5.42325E+37}},"metadata":{"timer_format_version":"0.1.0","start_time_seconds":"1750954135","unity_version":"6000.0.49f1","command_line_arguments":"C:\\Program Files\\Unity\\Hub\\Editor\\6000.0.49f1\\Editor\\Unity.exe -projectpath D:\\Unity\\Cars2 -useHub -hubIPC -cloudEnvironment production","communication_protocol_version":"1.5.0","com.unity.ml-agents_version":"3.0.0","scene_name":"MainScene","end_time_seconds":"1750954217"}}