{"count":1,"self":154.13305599999998,"total":505.5505234,"children":{"InitializeActuators":{"count":2,"self":0.0030195,"total":0.0030195,"children":null},"InitializeSensors":{"count":2,"self":0.0010003,"total":0.0010003,"children":null},"AgentSendState":{"count":147201,"self":0.5403789,"total":1.5864410999999998,"children":{"CollectObservations":{"count":58882,"self":0.24555529999999998,"total":0.24555529999999998,"children":null},"WriteActionMask":{"count":58882,"self":0.045637699999999996,"total":0.045637699999999996,"children":null},"RequestDecision":{"count":58882,"self":0.1923548,"total":0.7548692,"children":{"AgentInfo.ToProto":{"count":58882,"self":0.19796149999999998,"total":0.5625144,"children":{"GenerateSensorData":{"count":58882,"self":0.36455289999999996,"total":0.36455289999999996,"children":null}}}}}}},"DecideAction":{"count":147201,"self":347.8582272,"total":347.8582321,"children":null},"AgentAct":{"count":147201,"self":1.9682499999999998,"total":1.9682499,"children":null},"AgentInfo.ToProto":{"count":29,"self":0,"total":0.0005186,"children":{"GenerateSensorData":{"count":29,"self":0.0005186,"total":0.0005186,"children":null}}}},"gauges":{"BlueCar.CumulativeReward":{"count":26,"max":198.378052,"min":5.34012032,"runningAverage":54.29946,"value":78.8893,"weightedAverage":49.92948},"RedCar.CumulativeReward":{"count":3,"max":1.70141173E+37,"min":1.70141173E+37,"runningAverage":1.70141173E+37,"value":1.70141173E+37,"weightedAverage":1.70141173E+37}},"metadata":{"timer_format_version":"0.1.0","start_time_seconds":"1751040830","unity_version":"6000.0.49f1","command_line_arguments":"C:\\Program Files\\Unity\\Hub\\Editor\\6000.0.49f1\\Editor\\Unity.exe -projectpath C:\\Users\\giuli\\Desktop\\Giulia\\SistemiComplessiProgettoRL\\Cars2 -useHub -hubIPC -cloudEnvironment production","communication_protocol_version":"1.5.0","com.unity.ml-agents_version":"3.0.0","scene_name":"MainScene","end_time_seconds":"1751041335"}}