{"count":1,"self":355.9792384,"total":1824.3554431,"children":{"InitializeActuators":{"count":12,"self":0.0010018,"total":0.0010018,"children":null},"InitializeSensors":{"count":12,"self":0.0010016,"total":0.0010016,"children":null},"AgentSendState":{"count":954884,"self":268.4992512,"total":287.6928143,"children":{"CollectObservations":{"count":2291724,"self":2.9331898,"total":2.9331898,"children":null},"WriteActionMask":{"count":2291724,"self":0.59543479999999993,"total":0.59543479999999993,"children":null},"RequestDecision":{"count":2291724,"self":2.4210032,"total":15.664931099999999,"children":{"AgentInfo.ToProto":{"count":2291724,"self":2.0749052,"total":13.243927999999999,"children":{"GenerateSensorData":{"count":2291724,"self":8.130075999999999,"total":11.1690229,"children":{"RayPerceptionSensor.Perceive":{"count":2291724,"self":3.0389467999999997,"total":3.0389467999999997,"children":null}}}}}}}}},"DecideAction":{"count":954884,"self":1131.4868224,"total":1131.4868546,"children":null},"AgentAct":{"count":954884,"self":49.1016896,"total":49.118203,"children":{"AgentInfo.ToProto":{"count":1917,"self":0.0050176,"total":0.0165123,"children":{"GenerateSensorData":{"count":1917,"self":0.0079467,"total":0.0114947,"children":{"RayPerceptionSensor.Perceive":{"count":1917,"self":0.003548,"total":0.003548,"children":null}}}}}}},"AgentInfo.ToProto":{"count":6215,"self":0.0240961,"total":0.0763249,"children":{"GenerateSensorData":{"count":6215,"self":0.035600799999999995,"total":0.0522288,"children":{"RayPerceptionSensor.Perceive":{"count":6215,"self":0.016628,"total":0.016628,"children":null}}}}}},"gauges":{"RedCar.CumulativeReward":{"count":5559,"max":3707.91235,"min":-1010.12738,"runningAverage":1817.17383,"value":3616.42065,"weightedAverage":3631.85547},"BlueCar.CumulativeReward":{"count":2573,"max":31195.1289,"min":-12.7814465,"runningAverage":2217.34424,"value":2828.91943,"weightedAverage":3978.586}},"metadata":{"timer_format_version":"0.1.0","start_time_seconds":"1751468385","unity_version":"6000.0.49f1","command_line_arguments":"C:\\Program Files\\Unity\\Hub\\Editor\\6000.0.49f1\\Editor\\Unity.exe -projectpath D:\\Unity\\Cars2 -useHub -hubIPC -cloudEnvironment production","communication_protocol_version":"1.5.0","com.unity.ml-agents_version":"3.0.0","scene_name":"MainScene","end_time_seconds":"1751470209"}}