{"count":1,"self":14.706923199999999,"total":85.1207192,"children":{"InitializeActuators":{"count":2,"self":0.0015142999999999999,"total":0.0015142999999999999,"children":null},"InitializeSensors":{"count":2,"self":0.0025548999999999997,"total":0.0025548999999999997,"children":null},"AgentSendState":{"count":28717,"self":0.1031879,"total":0.3151828,"children":{"CollectObservations":{"count":11488,"self":0.034883899999999995,"total":0.034883899999999995,"children":null},"WriteActionMask":{"count":11488,"self":0.012173699999999999,"total":0.012173699999999999,"children":null},"RequestDecision":{"count":11488,"self":0.050464999999999996,"total":0.16493729999999998,"children":{"AgentInfo.ToProto":{"count":11488,"self":0.043033499999999995,"total":0.1144723,"children":{"GenerateSensorData":{"count":11488,"self":0.0714388,"total":0.0714388,"children":null}}}}}}},"DecideAction":{"count":28717,"self":69.6714176,"total":69.6714154,"children":null},"AgentAct":{"count":28717,"self":0.42312869999999997,"total":0.42312869999999997,"children":null},"AgentInfo.ToProto":{"count":4,"self":0,"total":0,"children":{"GenerateSensorData":{"count":4,"self":0,"total":0,"children":null}}}},"gauges":{"RedCar.CumulativeReward":{"count":3,"max":1.70141173E+37,"min":1.70141173E+37,"runningAverage":1.70141173E+37,"value":1.70141173E+37,"weightedAverage":1.70141173E+37},"BlueCar.CumulativeReward":{"count":1,"max":268.001,"min":268.001,"runningAverage":268.001,"value":268.001,"weightedAverage":268.001}},"metadata":{"timer_format_version":"0.1.0","start_time_seconds":"1751043396","unity_version":"6000.0.49f1","command_line_arguments":"C:\\Program Files\\Unity\\Hub\\Editor\\6000.0.49f1\\Editor\\Unity.exe -projectpath C:\\Users\\giuli\\Desktop\\Giulia\\SistemiComplessiProgettoRL\\Cars2 -useHub -hubIPC -cloudEnvironment production","communication_protocol_version":"1.5.0","com.unity.ml-agents_version":"3.0.0","scene_name":"MainScene","end_time_seconds":"1751043481"}}