{
    "name": "root",
    "metadata": {
        "timer_format_version": "0.1.0",
        "start_time_seconds": "1752328924",
        "python_version": "3.10.0 (tags/v3.10.0:b494f59, Oct  4 2021, 19:00:18) [MSC v.1929 64 bit (AMD64)]",
        "command_line_arguments": "C:\\Users\\giuli\\Desktop\\Giulia\\SistemiComplessiProgettoRL\\Cars2\\venv\\Scripts\\mlagents-learn race_competition.yaml --run-id=ppo --resume",
        "mlagents_version": "0.30.0",
        "mlagents_envs_version": "0.30.0",
        "communication_protocol_version": "1.5.0",
        "pytorch_version": "2.2.2+cu121",
        "numpy_version": "1.21.2",
        "end_time_seconds": "1752329136"
    },
    "total": 212.56517669997993,
    "count": 1,
    "self": 0.01778359999298118,
    "children": {
        "run_training.setup": {
            "total": 0.13886649999767542,
            "count": 1,
            "self": 0.13886649999767542
        },
        "TrainerController.start_learning": {
            "total": 212.40852659998927,
            "count": 1,
            "self": 0.2980916990491096,
            "children": {
                "TrainerController._reset_env": {
                    "total": 37.39525989998947,
                    "count": 1,
                    "self": 37.39525989998947
                },
                "TrainerController.advance": {
                    "total": 174.39266290093656,
                    "count": 10756,
                    "self": 0.12227260056533851,
                    "children": {
                        "env_step": {
                            "total": 174.27039030037122,
                            "count": 10756,
                            "self": 115.56254299817374,
                            "children": {
                                "SubprocessEnvManager._take_step": {
                                    "total": 58.57325720001245,
                                    "count": 10756,
                                    "self": 1.300674201309448,
                                    "children": {
                                        "TorchPolicy.evaluate": {
                                            "total": 57.272582998703,
                                            "count": 21488,
                                            "self": 57.272582998703
                                        }
                                    }
                                },
                                "workers": {
                                    "total": 0.13459010218502954,
                                    "count": 10755,
                                    "self": 0.0,
                                    "children": {
                                        "worker_root": {
                                            "total": 116.2183060994721,
                                            "count": 10755,
                                            "is_parallel": true,
                                            "self": 75.0543228982715,
                                            "children": {
                                                "steps_from_proto": {
                                                    "total": 0.0004251000063959509,
                                                    "count": 2,
                                                    "is_parallel": true,
                                                    "self": 0.00014830002328380942,
                                                    "children": {
                                                        "_process_rank_one_or_two_observation": {
                                                            "total": 0.0002767999831121415,
                                                            "count": 8,
                                                            "is_parallel": true,
                                                            "self": 0.0002767999831121415
                                                        }
                                                    }
                                                },
                                                "UnityEnvironment.step": {
                                                    "total": 41.16355810119421,
                                                    "count": 10755,
                                                    "is_parallel": true,
                                                    "self": 0.8388641996425577,
                                                    "children": {
                                                        "UnityEnvironment._generate_step_input": {
                                                            "total": 0.7065728988964111,
                                                            "count": 10755,
                                                            "is_parallel": true,
                                                            "self": 0.7065728988964111
                                                        },
                                                        "communicator.exchange": {
                                                            "total": 36.51577680365881,
                                                            "count": 10755,
                                                            "is_parallel": true,
                                                            "self": 36.51577680365881
                                                        },
                                                        "steps_from_proto": {
                                                            "total": 3.102344198996434,
                                                            "count": 21510,
                                                            "is_parallel": true,
                                                            "self": 1.2920730992627796,
                                                            "children": {
                                                                "_process_rank_one_or_two_observation": {
                                                                    "total": 1.8102710997336544,
                                                                    "count": 86040,
                                                                    "is_parallel": true,
                                                                    "self": 1.8102710997336544
                                                                }
                                                            }
                                                        }
                                                    }
                                                }
                                            }
                                        }
                                    }
                                }
                            }
                        }
                    }
                },
                "TrainerController._save_models": {
                    "total": 0.3225121000141371,
                    "count": 1,
                    "self": 0.03925899998284876,
                    "children": {
                        "RLTrainer._checkpoint": {
                            "total": 0.28325310003128834,
                            "count": 2,
                            "self": 0.28325310003128834
                        }
                    }
                }
            }
        }
    }
}