{
    "name": "root",
    "metadata": {
        "timer_format_version": "0.1.0",
        "start_time_seconds": "1752431861",
        "python_version": "3.10.0 (tags/v3.10.0:b494f59, Oct  4 2021, 19:00:18) [MSC v.1929 64 bit (AMD64)]",
        "command_line_arguments": "C:\\Users\\giuli\\Desktop\\Giulia\\SistemiComplessiProgettoRL\\Cars2\\venv\\Scripts\\mlagents-learn lamine.yaml",
        "mlagents_version": "0.30.0",
        "mlagents_envs_version": "0.30.0",
        "communication_protocol_version": "1.5.0",
        "pytorch_version": "2.2.2+cu121",
        "numpy_version": "1.21.2",
        "end_time_seconds": "1752435964"
    },
    "total": 4102.797959299991,
    "count": 1,
    "self": 0.049813599966000766,
    "children": {
        "run_training.setup": {
            "total": 0.09675100003369153,
            "count": 1,
            "self": 0.09675100003369153
        },
        "TrainerController.start_learning": {
            "total": 4102.651394699991,
            "count": 1,
            "self": 6.104820889537223,
            "children": {
                "TrainerController._reset_env": {
                    "total": 11.666195300000254,
                    "count": 1,
                    "self": 11.666195300000254
                },
                "TrainerController.advance": {
                    "total": 4084.2305426104576,
                    "count": 226030,
                    "self": 2.6958024236373603,
                    "children": {
                        "env_step": {
                            "total": 4081.5347401868203,
                            "count": 226030,
                            "self": 2284.576541486196,
                            "children": {
                                "SubprocessEnvManager._take_step": {
                                    "total": 1793.9392604100285,
                                    "count": 226031,
                                    "self": 28.11204451683443,
                                    "children": {
                                        "TorchPolicy.evaluate": {
                                            "total": 1765.827215893194,
                                            "count": 438976,
                                            "self": 1765.827215893194
                                        }
                                    }
                                },
                                "workers": {
                                    "total": 3.0189382905955426,
                                    "count": 226029,
                                    "self": 0.0,
                                    "children": {
                                        "worker_root": {
                                            "total": 3999.3173461084953,
                                            "count": 226029,
                                            "is_parallel": true,
                                            "self": 2282.165820894006,
                                            "children": {
                                                "steps_from_proto": {
                                                    "total": 0.0016119999927468598,
                                                    "count": 4,
                                                    "is_parallel": true,
                                                    "self": 0.0005191999953240156,
                                                    "children": {
                                                        "_process_rank_one_or_two_observation": {
                                                            "total": 0.0010927999974228442,
                                                            "count": 16,
                                                            "is_parallel": true,
                                                            "self": 0.0010927999974228442
                                                        }
                                                    }
                                                },
                                                "UnityEnvironment.step": {
                                                    "total": 1717.1499132144963,
                                                    "count": 226029,
                                                    "is_parallel": true,
                                                    "self": 25.674652120214887,
                                                    "children": {
                                                        "UnityEnvironment._generate_step_input": {
                                                            "total": 28.983396699361037,
                                                            "count": 226029,
                                                            "is_parallel": true,
                                                            "self": 28.983396699361037
                                                        },
                                                        "communicator.exchange": {
                                                            "total": 1582.1978050110629,
                                                            "count": 226029,
                                                            "is_parallel": true,
                                                            "self": 1582.1978050110629
                                                        },
                                                        "steps_from_proto": {
                                                            "total": 80.29405938385753,
                                                            "count": 452058,
                                                            "is_parallel": true,
                                                            "self": 27.590626489080023,
                                                            "children": {
                                                                "_process_rank_one_or_two_observation": {
                                                                    "total": 52.70343289477751,
                                                                    "count": 1808232,
                                                                    "is_parallel": true,
                                                                    "self": 52.70343289477751
                                                                }
                                                            }
                                                        }
                                                    }
                                                }
                                            }
                                        }
                                    }
                                }
                            }
                        }
                    }
                },
                "TrainerController._save_models": {
                    "total": 0.6498358999961056,
                    "count": 1,
                    "self": 0.1293751000193879,
                    "children": {
                        "RLTrainer._checkpoint": {
                            "total": 0.5204607999767177,
                            "count": 2,
                            "self": 0.5204607999767177
                        }
                    }
                }
            }
        }
    }
}