{
    "name": "root",
    "metadata": {
        "timer_format_version": "0.1.0",
        "start_time_seconds": "1752854600",
        "python_version": "3.10.0 (tags/v3.10.0:b494f59, Oct  4 2021, 19:00:18) [MSC v.1929 64 bit (AMD64)]",
        "command_line_arguments": "C:\\Users\\giuli\\Desktop\\Giulia\\SistemiComplessiProgettoRL\\Cars2\\venv\\Scripts\\mlagents-learn lamine.yaml --run-id=ppo --resume",
        "mlagents_version": "0.30.0",
        "mlagents_envs_version": "0.30.0",
        "communication_protocol_version": "1.5.0",
        "pytorch_version": "2.2.2+cu121",
        "numpy_version": "1.21.2",
        "end_time_seconds": "1752854744"
    },
    "total": 143.84956350002903,
    "count": 1,
    "self": 0.016296700108796358,
    "children": {
        "run_training.setup": {
            "total": 0.10604399989824742,
            "count": 1,
            "self": 0.10604399989824742
        },
        "TrainerController.start_learning": {
            "total": 143.727222800022,
            "count": 1,
            "self": 0.10268489958252758,
            "children": {
                "TrainerController._reset_env": {
                    "total": 10.576911300071515,
                    "count": 1,
                    "self": 10.576911300071515
                },
                "TrainerController.advance": {
                    "total": 132.64123300043866,
                    "count": 3620,
                    "self": 0.044015299528837204,
                    "children": {
                        "env_step": {
                            "total": 132.59721770090982,
                            "count": 3620,
                            "self": 107.50315659923945,
                            "children": {
                                "SubprocessEnvManager._take_step": {
                                    "total": 25.045857897610404,
                                    "count": 3620,
                                    "self": 0.5797835944686085,
                                    "children": {
                                        "TorchPolicy.evaluate": {
                                            "total": 24.466074303141795,
                                            "count": 7214,
                                            "self": 24.466074303141795
                                        }
                                    }
                                },
                                "workers": {
                                    "total": 0.04820320405997336,
                                    "count": 3619,
                                    "self": 0.0,
                                    "children": {
                                        "worker_root": {
                                            "total": 73.2641370028723,
                                            "count": 3619,
                                            "is_parallel": true,
                                            "self": 33.820229299599305,
                                            "children": {
                                                "steps_from_proto": {
                                                    "total": 0.0004393999697640538,
                                                    "count": 2,
                                                    "is_parallel": true,
                                                    "self": 0.00015199999324977398,
                                                    "children": {
                                                        "_process_rank_one_or_two_observation": {
                                                            "total": 0.00028739997651427984,
                                                            "count": 8,
                                                            "is_parallel": true,
                                                            "self": 0.00028739997651427984
                                                        }
                                                    }
                                                },
                                                "UnityEnvironment.step": {
                                                    "total": 39.443468303303234,
                                                    "count": 3619,
                                                    "is_parallel": true,
                                                    "self": 0.38854490336962044,
                                                    "children": {
                                                        "UnityEnvironment._generate_step_input": {
                                                            "total": 0.4046006938442588,
                                                            "count": 3619,
                                                            "is_parallel": true,
                                                            "self": 0.4046006938442588
                                                        },
                                                        "communicator.exchange": {
                                                            "total": 37.38706520025153,
                                                            "count": 3619,
                                                            "is_parallel": true,
                                                            "self": 37.38706520025153
                                                        },
                                                        "steps_from_proto": {
                                                            "total": 1.263257505837828,
                                                            "count": 7238,
                                                            "is_parallel": true,
                                                            "self": 0.47869679995346814,
                                                            "children": {
                                                                "_process_rank_one_or_two_observation": {
                                                                    "total": 0.7845607058843598,
                                                                    "count": 28952,
                                                                    "is_parallel": true,
                                                                    "self": 0.7845607058843598
                                                                }
                                                            }
                                                        }
                                                    }
                                                }
                                            }
                                        }
                                    }
                                }
                            }
                        }
                    }
                },
                "TrainerController._save_models": {
                    "total": 0.40639359992928803,
                    "count": 1,
                    "self": 0.028428800054825842,
                    "children": {
                        "RLTrainer._checkpoint": {
                            "total": 0.3779647998744622,
                            "count": 2,
                            "self": 0.3779647998744622
                        }
                    }
                }
            }
        }
    }
}