{
    "name": "root",
    "metadata": {
        "timer_format_version": "0.1.0",
        "start_time_seconds": "1752438478",
        "python_version": "3.9.13 (tags/v3.9.13:6de2ca5, May 17 2022, 16:36:42) [MSC v.1929 64 bit (AMD64)]",
        "command_line_arguments": "D:\\Unity\\Cars2\\venv\\Scripts\\mlagents-learn lamine.yaml --resume",
        "mlagents_version": "0.30.0",
        "mlagents_envs_version": "0.30.0",
        "communication_protocol_version": "1.5.0",
        "pytorch_version": "1.13.1+cu117",
        "numpy_version": "1.21.2",
        "end_time_seconds": "1752438702"
    },
    "total": 223.5788363,
    "count": 1,
    "self": 0.01096669999998312,
    "children": {
        "run_training.setup": {
            "total": 0.07114299999999996,
            "count": 1,
            "self": 0.07114299999999996
        },
        "TrainerController.start_learning": {
            "total": 223.49672660000002,
            "count": 1,
            "self": 0.1510670000000971,
            "children": {
                "TrainerController._reset_env": {
                    "total": 6.693455500000001,
                    "count": 1,
                    "self": 6.693455500000001
                },
                "TrainerController.advance": {
                    "total": 216.41902699999991,
                    "count": 9838,
                    "self": 0.06452560000025187,
                    "children": {
                        "env_step": {
                            "total": 216.35450139999966,
                            "count": 9838,
                            "self": 180.06356899999966,
                            "children": {
                                "SubprocessEnvManager._take_step": {
                                    "total": 36.22280480000029,
                                    "count": 9838,
                                    "self": 0.6509858000005977,
                                    "children": {
                                        "TorchPolicy.evaluate": {
                                            "total": 35.57181899999969,
                                            "count": 19488,
                                            "self": 35.57181899999969
                                        }
                                    }
                                },
                                "workers": {
                                    "total": 0.06812759999972151,
                                    "count": 9837,
                                    "self": 0.0,
                                    "children": {
                                        "worker_root": {
                                            "total": 95.57038840000065,
                                            "count": 9837,
                                            "is_parallel": true,
                                            "self": 46.976289900000154,
                                            "children": {
                                                "steps_from_proto": {
                                                    "total": 0.00028940000000066135,
                                                    "count": 2,
                                                    "is_parallel": true,
                                                    "self": 8.21999999978118e-05,
                                                    "children": {
                                                        "_process_rank_one_or_two_observation": {
                                                            "total": 0.00020720000000284955,
                                                            "count": 8,
                                                            "is_parallel": true,
                                                            "self": 0.00020720000000284955
                                                        }
                                                    }
                                                },
                                                "UnityEnvironment.step": {
                                                    "total": 48.5938091000005,
                                                    "count": 9837,
                                                    "is_parallel": true,
                                                    "self": 0.7022756000005046,
                                                    "children": {
                                                        "UnityEnvironment._generate_step_input": {
                                                            "total": 0.6698693999998664,
                                                            "count": 9837,
                                                            "is_parallel": true,
                                                            "self": 0.6698693999998664
                                                        },
                                                        "communicator.exchange": {
                                                            "total": 45.11518100000003,
                                                            "count": 9837,
                                                            "is_parallel": true,
                                                            "self": 45.11518100000003
                                                        },
                                                        "steps_from_proto": {
                                                            "total": 2.106483100000096,
                                                            "count": 19674,
                                                            "is_parallel": true,
                                                            "self": 0.6935355999990831,
                                                            "children": {
                                                                "_process_rank_one_or_two_observation": {
                                                                    "total": 1.412947500001013,
                                                                    "count": 78696,
                                                                    "is_parallel": true,
                                                                    "self": 1.412947500001013
                                                                }
                                                            }
                                                        }
                                                    }
                                                }
                                            }
                                        }
                                    }
                                }
                            }
                        }
                    }
                },
                "TrainerController._save_models": {
                    "total": 0.23317710000000602,
                    "count": 1,
                    "self": 0.021260700000027555,
                    "children": {
                        "RLTrainer._checkpoint": {
                            "total": 0.21191639999997847,
                            "count": 2,
                            "self": 0.21191639999997847
                        }
                    }
                }
            }
        }
    }
}