{
    "name": "root",
    "metadata": {
        "timer_format_version": "0.1.0",
        "start_time_seconds": "1752677665",
        "python_version": "3.10.0 (tags/v3.10.0:b494f59, Oct  4 2021, 19:00:18) [MSC v.1929 64 bit (AMD64)]",
        "command_line_arguments": "C:\\Users\\giuli\\Desktop\\Giulia\\SistemiComplessiProgettoRL\\Cars2\\venv\\Scripts\\mlagents-learn lamine.yaml",
        "mlagents_version": "0.30.0",
        "mlagents_envs_version": "0.30.0",
        "communication_protocol_version": "1.5.0",
        "pytorch_version": "2.2.2+cu121",
        "numpy_version": "1.21.2",
        "end_time_seconds": "1752677823"
    },
    "total": 158.06763830001,
    "count": 1,
    "self": 0.022562299971468747,
    "children": {
        "run_training.setup": {
            "total": 0.1263363000471145,
            "count": 1,
            "self": 0.1263363000471145
        },
        "TrainerController.start_learning": {
            "total": 157.91873969999142,
            "count": 1,
            "self": 0.07851369841955602,
            "children": {
                "TrainerController._reset_env": {
                    "total": 26.291986600030214,
                    "count": 1,
                    "self": 26.291986600030214
                },
                "TrainerController.advance": {
                    "total": 130.1565093016252,
                    "count": 2455,
                    "self": 0.02940050303004682,
                    "children": {
                        "env_step": {
                            "total": 130.12710879859515,
                            "count": 2455,
                            "self": 96.23318930633832,
                            "children": {
                                "SubprocessEnvManager._take_step": {
                                    "total": 33.864635696518235,
                                    "count": 2455,
                                    "self": 0.7505584966856986,
                                    "children": {
                                        "TorchPolicy.evaluate": {
                                            "total": 33.114077199832536,
                                            "count": 14460,
                                            "self": 33.114077199832536
                                        }
                                    }
                                },
                                "workers": {
                                    "total": 0.029283795738592744,
                                    "count": 2454,
                                    "self": 0.0,
                                    "children": {
                                        "worker_root": {
                                            "total": 72.64387529878877,
                                            "count": 2454,
                                            "is_parallel": true,
                                            "self": 43.278278498211876,
                                            "children": {
                                                "steps_from_proto": {
                                                    "total": 0.0012469000648707151,
                                                    "count": 6,
                                                    "is_parallel": true,
                                                    "self": 0.0003723000409081578,
                                                    "children": {
                                                        "_process_rank_one_or_two_observation": {
                                                            "total": 0.0008746000239625573,
                                                            "count": 24,
                                                            "is_parallel": true,
                                                            "self": 0.0008746000239625573
                                                        }
                                                    }
                                                },
                                                "UnityEnvironment.step": {
                                                    "total": 29.364349900512025,
                                                    "count": 2454,
                                                    "is_parallel": true,
                                                    "self": 0.3465081963222474,
                                                    "children": {
                                                        "UnityEnvironment._generate_step_input": {
                                                            "total": 0.2881370976101607,
                                                            "count": 2454,
                                                            "is_parallel": true,
                                                            "self": 0.2881370976101607
                                                        },
                                                        "communicator.exchange": {
                                                            "total": 27.04632449708879,
                                                            "count": 2454,
                                                            "is_parallel": true,
                                                            "self": 27.04632449708879
                                                        },
                                                        "steps_from_proto": {
                                                            "total": 1.6833801094908267,
                                                            "count": 14724,
                                                            "is_parallel": true,
                                                            "self": 0.7712078230688348,
                                                            "children": {
                                                                "_process_rank_one_or_two_observation": {
                                                                    "total": 0.9121722864219919,
                                                                    "count": 58896,
                                                                    "is_parallel": true,
                                                                    "self": 0.9121722864219919
                                                                }
                                                            }
                                                        }
                                                    }
                                                }
                                            }
                                        }
                                    }
                                }
                            }
                        }
                    }
                },
                "TrainerController._save_models": {
                    "total": 1.3917300999164581,
                    "count": 1,
                    "self": 0.10156629979610443,
                    "children": {
                        "RLTrainer._checkpoint": {
                            "total": 1.2901638001203537,
                            "count": 6,
                            "self": 1.2901638001203537
                        }
                    }
                }
            }
        }
    }
}