{
    "name": "root",
    "metadata": {
        "timer_format_version": "0.1.0",
        "start_time_seconds": "1751201728",
        "python_version": "3.9.13 (tags/v3.9.13:6de2ca5, May 17 2022, 16:36:42) [MSC v.1929 64 bit (AMD64)]",
        "command_line_arguments": "D:\\Unity\\Cars2\\venv\\Scripts\\mlagents-learn .\\race_competition_performance_ppo.yaml",
        "mlagents_version": "0.30.0",
        "mlagents_envs_version": "0.30.0",
        "communication_protocol_version": "1.5.0",
        "pytorch_version": "1.13.1+cu117",
        "numpy_version": "1.21.2",
        "end_time_seconds": "1751202770"
    },
    "total": 1042.3548106,
    "count": 1,
    "self": 0.0051564000000325905,
    "children": {
        "run_training.setup": {
            "total": 0.07507430000000004,
            "count": 1,
            "self": 0.07507430000000004
        },
        "TrainerController.start_learning": {
            "total": 1042.2745799,
            "count": 1,
            "self": 2.0645859000042037,
            "children": {
                "TrainerController._reset_env": {
                    "total": 6.7387653,
                    "count": 1,
                    "self": 6.7387653
                },
                "TrainerController.advance": {
                    "total": 1033.3421752999957,
                    "count": 164861,
                    "self": 0.8639231999870844,
                    "children": {
                        "env_step": {
                            "total": 1032.4782521000086,
                            "count": 164861,
                            "self": 602.53023749999,
                            "children": {
                                "SubprocessEnvManager._take_step": {
                                    "total": 429.02498909999355,
                                    "count": 164861,
                                    "self": 9.258635099980552,
                                    "children": {
                                        "TorchPolicy.evaluate": {
                                            "total": 419.766354000013,
                                            "count": 329722,
                                            "self": 419.766354000013
                                        }
                                    }
                                },
                                "workers": {
                                    "total": 0.9230255000250587,
                                    "count": 164860,
                                    "self": 0.0,
                                    "children": {
                                        "worker_root": {
                                            "total": 952.985787999995,
                                            "count": 164860,
                                            "is_parallel": true,
                                            "self": 523.5803780999936,
                                            "children": {
                                                "steps_from_proto": {
                                                    "total": 0.00023239999999891126,
                                                    "count": 2,
                                                    "is_parallel": true,
                                                    "self": 7.77999999987955e-05,
                                                    "children": {
                                                        "_process_rank_one_or_two_observation": {
                                                            "total": 0.00015460000000011576,
                                                            "count": 8,
                                                            "is_parallel": true,
                                                            "self": 0.00015460000000011576
                                                        }
                                                    }
                                                },
                                                "UnityEnvironment.step": {
                                                    "total": 429.4051775000013,
                                                    "count": 164860,
                                                    "is_parallel": true,
                                                    "self": 7.4363978000139355,
                                                    "children": {
                                                        "UnityEnvironment._generate_step_input": {
                                                            "total": 5.833389399992346,
                                                            "count": 164860,
                                                            "is_parallel": true,
                                                            "self": 5.833389399992346
                                                        },
                                                        "communicator.exchange": {
                                                            "total": 392.0266228999775,
                                                            "count": 164860,
                                                            "is_parallel": true,
                                                            "self": 392.0266228999775
                                                        },
                                                        "steps_from_proto": {
                                                            "total": 24.1087674000175,
                                                            "count": 329720,
                                                            "is_parallel": true,
                                                            "self": 10.159364300038408,
                                                            "children": {
                                                                "_process_rank_one_or_two_observation": {
                                                                    "total": 13.94940309997909,
                                                                    "count": 1318880,
                                                                    "is_parallel": true,
                                                                    "self": 13.94940309997909
                                                                }
                                                            }
                                                        }
                                                    }
                                                }
                                            }
                                        }
                                    }
                                }
                            }
                        }
                    }
                },
                "TrainerController._save_models": {
                    "total": 0.12905339999997523,
                    "count": 1,
                    "self": 0.014846099999886064,
                    "children": {
                        "RLTrainer._checkpoint": {
                            "total": 0.11420730000008916,
                            "count": 2,
                            "self": 0.11420730000008916
                        }
                    }
                }
            }
        }
    }
}