{
    "name": "root",
    "metadata": {
        "timer_format_version": "0.1.0",
        "start_time_seconds": "1752436218",
        "python_version": "3.10.0 (tags/v3.10.0:b494f59, Oct  4 2021, 19:00:18) [MSC v.1929 64 bit (AMD64)]",
        "command_line_arguments": "C:\\Users\\giuli\\Desktop\\Giulia\\SistemiComplessiProgettoRL\\Cars2\\venv\\Scripts\\mlagents-learn lamine.yaml --run-id=ppo --resume",
        "mlagents_version": "0.30.0",
        "mlagents_envs_version": "0.30.0",
        "communication_protocol_version": "1.5.0",
        "pytorch_version": "2.2.2+cu121",
        "numpy_version": "1.21.2",
        "end_time_seconds": "1752436311"
    },
    "total": 93.65939610003261,
    "count": 1,
    "self": 0.04090859997086227,
    "children": {
        "run_training.setup": {
            "total": 0.08406650001415983,
            "count": 1,
            "self": 0.08406650001415983
        },
        "TrainerController.start_learning": {
            "total": 93.53442100004759,
            "count": 1,
            "self": 0.02592529950197786,
            "children": {
                "TrainerController._reset_env": {
                    "total": 14.021327499998733,
                    "count": 1,
                    "self": 14.021327499998733
                },
                "TrainerController.advance": {
                    "total": 78.91274390055332,
                    "count": 923,
                    "self": 0.011319200042635202,
                    "children": {
                        "env_step": {
                            "total": 78.90142470051069,
                            "count": 923,
                            "self": 71.62284000113141,
                            "children": {
                                "SubprocessEnvManager._take_step": {
                                    "total": 7.26574839965906,
                                    "count": 923,
                                    "self": 0.12080829968908802,
                                    "children": {
                                        "TorchPolicy.evaluate": {
                                            "total": 7.144940099969972,
                                            "count": 1754,
                                            "self": 7.144940099969972
                                        }
                                    }
                                },
                                "workers": {
                                    "total": 0.012836299720220268,
                                    "count": 922,
                                    "self": 0.0,
                                    "children": {
                                        "worker_root": {
                                            "total": 20.46579070034204,
                                            "count": 922,
                                            "is_parallel": true,
                                            "self": 12.99482249916764,
                                            "children": {
                                                "steps_from_proto": {
                                                    "total": 0.0006755999638698995,
                                                    "count": 2,
                                                    "is_parallel": true,
                                                    "self": 0.0002118998672813177,
                                                    "children": {
                                                        "_process_rank_one_or_two_observation": {
                                                            "total": 0.0004637000965885818,
                                                            "count": 8,
                                                            "is_parallel": true,
                                                            "self": 0.0004637000965885818
                                                        }
                                                    }
                                                },
                                                "UnityEnvironment.step": {
                                                    "total": 7.470292601210531,
                                                    "count": 922,
                                                    "is_parallel": true,
                                                    "self": 0.10759720019996166,
                                                    "children": {
                                                        "UnityEnvironment._generate_step_input": {
                                                            "total": 0.11984040058450773,
                                                            "count": 922,
                                                            "is_parallel": true,
                                                            "self": 0.11984040058450773
                                                        },
                                                        "communicator.exchange": {
                                                            "total": 6.901754900231026,
                                                            "count": 922,
                                                            "is_parallel": true,
                                                            "self": 6.901754900231026
                                                        },
                                                        "steps_from_proto": {
                                                            "total": 0.34110010019503534,
                                                            "count": 1844,
                                                            "is_parallel": true,
                                                            "self": 0.11872890102677047,
                                                            "children": {
                                                                "_process_rank_one_or_two_observation": {
                                                                    "total": 0.22237119916826487,
                                                                    "count": 7376,
                                                                    "is_parallel": true,
                                                                    "self": 0.22237119916826487
                                                                }
                                                            }
                                                        }
                                                    }
                                                }
                                            }
                                        }
                                    }
                                }
                            }
                        }
                    }
                },
                "TrainerController._save_models": {
                    "total": 0.5744242999935523,
                    "count": 1,
                    "self": 0.03577650000806898,
                    "children": {
                        "RLTrainer._checkpoint": {
                            "total": 0.5386477999854833,
                            "count": 2,
                            "self": 0.5386477999854833
                        }
                    }
                }
            }
        }
    }
}