{
    "name": "root",
    "metadata": {
        "timer_format_version": "0.1.0",
        "start_time_seconds": "1752856419",
        "python_version": "3.9.13 (tags/v3.9.13:6de2ca5, May 17 2022, 16:36:42) [MSC v.1929 64 bit (AMD64)]",
        "command_line_arguments": "D:\\Unity\\Cars2\\venv\\Scripts\\mlagents-learn lamine.yaml --run-id=ppo --resume",
        "mlagents_version": "0.30.0",
        "mlagents_envs_version": "0.30.0",
        "communication_protocol_version": "1.5.0",
        "pytorch_version": "1.13.1+cu117",
        "numpy_version": "1.21.2",
        "end_time_seconds": "1752856508"
    },
    "total": 89.17812590000001,
    "count": 1,
    "self": 0.013027200000010453,
    "children": {
        "run_training.setup": {
            "total": 0.06778930000000005,
            "count": 1,
            "self": 0.06778930000000005
        },
        "TrainerController.start_learning": {
            "total": 89.0973094,
            "count": 1,
            "self": 0.02650940000000901,
            "children": {
                "TrainerController._reset_env": {
                    "total": 7.4115618,
                    "count": 1,
                    "self": 7.4115618
                },
                "TrainerController.advance": {
                    "total": 81.43664559999999,
                    "count": 1705,
                    "self": 0.011489499999967734,
                    "children": {
                        "env_step": {
                            "total": 81.42515610000002,
                            "count": 1705,
                            "self": 75.34800859999997,
                            "children": {
                                "SubprocessEnvManager._take_step": {
                                    "total": 6.065453599999968,
                                    "count": 1705,
                                    "self": 0.11246439999994529,
                                    "children": {
                                        "TorchPolicy.evaluate": {
                                            "total": 5.952989200000022,
                                            "count": 3388,
                                            "self": 5.952989200000022
                                        }
                                    }
                                },
                                "workers": {
                                    "total": 0.011693900000080859,
                                    "count": 1704,
                                    "self": 0.0,
                                    "children": {
                                        "worker_root": {
                                            "total": 20.668976599999983,
                                            "count": 1704,
                                            "is_parallel": true,
                                            "self": 8.754718400000009,
                                            "children": {
                                                "steps_from_proto": {
                                                    "total": 0.00030689999999911066,
                                                    "count": 2,
                                                    "is_parallel": true,
                                                    "self": 8.139999999912106e-05,
                                                    "children": {
                                                        "_process_rank_one_or_two_observation": {
                                                            "total": 0.0002254999999999896,
                                                            "count": 8,
                                                            "is_parallel": true,
                                                            "self": 0.0002254999999999896
                                                        }
                                                    }
                                                },
                                                "UnityEnvironment.step": {
                                                    "total": 11.913951299999976,
                                                    "count": 1704,
                                                    "is_parallel": true,
                                                    "self": 0.1423001000002131,
                                                    "children": {
                                                        "UnityEnvironment._generate_step_input": {
                                                            "total": 0.14189759999994145,
                                                            "count": 1704,
                                                            "is_parallel": true,
                                                            "self": 0.14189759999994145
                                                        },
                                                        "communicator.exchange": {
                                                            "total": 11.226999799999877,
                                                            "count": 1704,
                                                            "is_parallel": true,
                                                            "self": 11.226999799999877
                                                        },
                                                        "steps_from_proto": {
                                                            "total": 0.4027537999999451,
                                                            "count": 3408,
                                                            "is_parallel": true,
                                                            "self": 0.1207726999999581,
                                                            "children": {
                                                                "_process_rank_one_or_two_observation": {
                                                                    "total": 0.281981099999987,
                                                                    "count": 13632,
                                                                    "is_parallel": true,
                                                                    "self": 0.281981099999987
                                                                }
                                                            }
                                                        }
                                                    }
                                                }
                                            }
                                        }
                                    }
                                }
                            }
                        }
                    }
                },
                "TrainerController._save_models": {
                    "total": 0.2225925999999987,
                    "count": 1,
                    "self": 0.01312800000000891,
                    "children": {
                        "RLTrainer._checkpoint": {
                            "total": 0.2094645999999898,
                            "count": 2,
                            "self": 0.2094645999999898
                        }
                    }
                }
            }
        }
    }
}