{
    "name": "root",
    "gauges": {
        "BlueCar.Policy.Entropy.mean": {
            "value": 1.3779736757278442,
            "min": 1.3779736757278442,
            "max": 1.3779736757278442,
            "count": 2
        },
        "BlueCar.Policy.Entropy.sum": {
            "value": 14866.9580078125,
            "min": 1379.3516845703125,
            "max": 14866.9580078125,
            "count": 2
        },
        "BlueCar.Environment.EpisodeLength.mean": {
            "value": 829.0,
            "min": 829.0,
            "max": 999.0,
            "count": 2
        },
        "BlueCar.Environment.EpisodeLength.sum": {
            "value": 10777.0,
            "min": 999.0,
            "max": 10777.0,
            "count": 2
        },
        "BlueCar.IsTraining.mean": {
            "value": 1.0,
            "min": 1.0,
            "max": 1.0,
            "count": 2
        },
        "BlueCar.IsTraining.sum": {
            "value": 1.0,
            "min": 1.0,
            "max": 1.0,
            "count": 2
        },
        "BlueCar.Step.mean": {
            "value": 1759925.0,
            "min": 1759925.0,
            "max": 1759925.0,
            "count": 1
        },
        "BlueCar.Step.sum": {
            "value": 1759925.0,
            "min": 1759925.0,
            "max": 1759925.0,
            "count": 1
        },
        "BlueCar.Policy.ExtrinsicValueEstimate.mean": {
            "value": 620.2724609375,
            "min": 620.2724609375,
            "max": 620.2724609375,
            "count": 1
        },
        "BlueCar.Policy.ExtrinsicValueEstimate.sum": {
            "value": 8063.5419921875,
            "min": 8063.5419921875,
            "max": 8063.5419921875,
            "count": 1
        },
        "BlueCar.Environment.CumulativeReward.mean": {
            "value": 105.97623091477614,
            "min": 105.97623091477614,
            "max": 105.97623091477614,
            "count": 1
        },
        "BlueCar.Environment.CumulativeReward.sum": {
            "value": 1377.6910018920898,
            "min": 1377.6910018920898,
            "max": 1377.6910018920898,
            "count": 1
        },
        "BlueCar.Policy.ExtrinsicReward.mean": {
            "value": 105.97623091477614,
            "min": 105.97623091477614,
            "max": 105.97623091477614,
            "count": 1
        },
        "BlueCar.Policy.ExtrinsicReward.sum": {
            "value": 1377.6910018920898,
            "min": 1377.6910018920898,
            "max": 1377.6910018920898,
            "count": 1
        },
        "RedCar.Policy.Entropy.mean": {
            "value": 1.4235304594039917,
            "min": 1.4235304594039917,
            "max": 1.4235304594039917,
            "count": 1
        },
        "RedCar.Policy.Entropy.sum": {
            "value": 5938.96923828125,
            "min": 5938.96923828125,
            "max": 5938.96923828125,
            "count": 1
        },
        "RedCar.Environment.EpisodeLength.mean": {
            "value": 694.3333333333334,
            "min": 694.3333333333334,
            "max": 694.3333333333334,
            "count": 1
        },
        "RedCar.Environment.EpisodeLength.sum": {
            "value": 4166.0,
            "min": 4166.0,
            "max": 4166.0,
            "count": 1
        },
        "RedCar.Step.mean": {
            "value": 1529066.0,
            "min": 1529066.0,
            "max": 1529066.0,
            "count": 1
        },
        "RedCar.Step.sum": {
            "value": 1529066.0,
            "min": 1529066.0,
            "max": 1529066.0,
            "count": 1
        },
        "RedCar.Policy.ExtrinsicValueEstimate.mean": {
            "value": 450.3417053222656,
            "min": 450.3417053222656,
            "max": 450.3417053222656,
            "count": 1
        },
        "RedCar.Policy.ExtrinsicValueEstimate.sum": {
            "value": 2251.70849609375,
            "min": 2251.70849609375,
            "max": 2251.70849609375,
            "count": 1
        },
        "RedCar.Environment.CumulativeReward.mean": {
            "value": 2244.5319091796873,
            "min": 2244.5319091796873,
            "max": 2244.5319091796873,
            "count": 1
        },
        "RedCar.Environment.CumulativeReward.sum": {
            "value": 11222.659545898438,
            "min": 11222.659545898438,
            "max": 11222.659545898438,
            "count": 1
        },
        "RedCar.Policy.ExtrinsicReward.mean": {
            "value": 2244.5319091796873,
            "min": 2244.5319091796873,
            "max": 2244.5319091796873,
            "count": 1
        },
        "RedCar.Policy.ExtrinsicReward.sum": {
            "value": 11222.659545898438,
            "min": 11222.659545898438,
            "max": 11222.659545898438,
            "count": 1
        },
        "RedCar.IsTraining.mean": {
            "value": 1.0,
            "min": 1.0,
            "max": 1.0,
            "count": 1
        },
        "RedCar.IsTraining.sum": {
            "value": 1.0,
            "min": 1.0,
            "max": 1.0,
            "count": 1
        }
    },
    "metadata": {
        "timer_format_version": "0.1.0",
        "start_time_seconds": "1752273701",
        "python_version": "3.10.0 (tags/v3.10.0:b494f59, Oct  4 2021, 19:00:18) [MSC v.1929 64 bit (AMD64)]",
        "command_line_arguments": "C:\\Users\\giuli\\Desktop\\Giulia\\SistemiComplessiProgettoRL\\Cars2\\venv\\Scripts\\mlagents-learn race_competition.yaml --run-id=ppo --resume",
        "mlagents_version": "0.30.0",
        "mlagents_envs_version": "0.30.0",
        "communication_protocol_version": "1.5.0",
        "pytorch_version": "2.2.2+cu121",
        "numpy_version": "1.21.2",
        "end_time_seconds": "1752273898"
    },
    "total": 197.37048299997696,
    "count": 1,
    "self": 0.02450839997618459,
    "children": {
        "run_training.setup": {
            "total": 0.08399610000196844,
            "count": 1,
            "self": 0.08399610000196844
        },
        "TrainerController.start_learning": {
            "total": 197.2619784999988,
            "count": 1,
            "self": 0.4026832995004952,
            "children": {
                "TrainerController._reset_env": {
                    "total": 10.50663569997414,
                    "count": 1,
                    "self": 10.50663569997414
                },
                "TrainerController.advance": {
                    "total": 186.0279592005245,
                    "count": 14282,
                    "self": 0.16699040206731297,
                    "children": {
                        "env_step": {
                            "total": 185.86096879845718,
                            "count": 14282,
                            "self": 106.58934549993137,
                            "children": {
                                "SubprocessEnvManager._take_step": {
                                    "total": 79.08810480000102,
                                    "count": 14282,
                                    "self": 1.7835723978932947,
                                    "children": {
                                        "TorchPolicy.evaluate": {
                                            "total": 77.30453240210772,
                                            "count": 28514,
                                            "self": 77.30453240210772
                                        }
                                    }
                                },
                                "workers": {
                                    "total": 0.18351849852479063,
                                    "count": 14281,
                                    "self": 0.0,
                                    "children": {
                                        "worker_root": {
                                            "total": 159.76932500096154,
                                            "count": 14281,