{
    "name": "root",
    "metadata": {
        "timer_format_version": "0.1.0",
        "start_time_seconds": "1752564046",
        "python_version": "3.10.0 (tags/v3.10.0:b494f59, Oct  4 2021, 19:00:18) [MSC v.1929 64 bit (AMD64)]",
        "command_line_arguments": "C:\\Users\\giuli\\Desktop\\Giulia\\SistemiComplessiProgettoRL\\Cars2\\venv\\Scripts\\mlagents-learn lamine.yaml --run-id=ppo --resume",
        "mlagents_version": "0.30.0",
        "mlagents_envs_version": "0.30.0",
        "communication_protocol_version": "1.5.0",
        "pytorch_version": "2.2.2+cu121",
        "numpy_version": "1.21.2",
        "end_time_seconds": "1752566038"
    },
    "total": 1991.540288600023,
    "count": 1,
    "self": 0.04655920004006475,
    "children": {
        "run_training.setup": {
            "total": 0.13106579997111112,
            "count": 1,
            "self": 0.13106579997111112
        },
        "TrainerController.start_learning": {
            "total": 1991.3626636000117,
            "count": 1,
            "self": 2.9088175029610284,
            "children": {
                "TrainerController._reset_env": {
                    "total": 12.780546900001355,
                    "count": 1,
                    "self": 12.780546900001355
                },
                "TrainerController.advance": {
                    "total": 1975.0644731970388,
                    "count": 102870,
                    "self": 1.396264591428917,
                    "children": {
                        "env_step": {
                            "total": 1973.6682086056098,
                            "count": 102870,
                            "self": 1176.613415812666,
                            "children": {
                                "SubprocessEnvManager._take_step": {
                                    "total": 795.5976730869734,
                                    "count": 102870,
                                    "self": 13.13008518499555,
                                    "children": {
                                        "TorchPolicy.evaluate": {
                                            "total": 782.4675879019778,
                                            "count": 195728,
                                            "self": 782.4675879019778
                                        }
                                    }
                                },
                                "workers": {
                                    "total": 1.457119705970399,
                                    "count": 102869,
                                    "self": 0.0,
                                    "children": {
                                        "worker_root": {
                                            "total": 1916.3589553067577,
                                            "count": 102869,
                                            "is_parallel": true,
                                            "self": 1029.8423084088136,
                                            "children": {
                                                "steps_from_proto": {
                                                    "total": 0.0008087000460363925,
                                                    "count": 2,
                                                    "is_parallel": true,
                                                    "self": 0.0002957000397145748,
                                                    "children": {
                                                        "_process_rank_one_or_two_observation": {
                                                            "total": 0.0005130000063218176,
                                                            "count": 8,
                                                            "is_parallel": true,
                                                            "self": 0.0005130000063218176
                                                        }
                                                    }
                                                },
                                                "UnityEnvironment.step": {
                                                    "total": 886.5158381978981,
                                                    "count": 102869,
                                                    "is_parallel": true,
                                                    "self": 12.276868801098317,
                                                    "children": {
                                                        "UnityEnvironment._generate_step_input": {
                                                            "total": 13.619828708935529,
                                                            "count": 102869,
                                                            "is_parallel": true,
                                                            "self": 13.619828708935529
                                                        },
                                                        "communicator.exchange": {
                                                            "total": 822.8296807879815,
                                                            "count": 102869,
                                                            "is_parallel": true,
                                                            "self": 822.8296807879815
                                                        },
                                                        "steps_from_proto": {
                                                            "total": 37.789459899882786,
                                                            "count": 205738,
                                                            "is_parallel": true,
                                                            "self": 13.141260537551716,
                                                            "children": {
                                                                "_process_rank_one_or_two_observation": {
                                                                    "total": 24.64819936233107,
                                                                    "count": 822952,
                                                                    "is_parallel": true,
                                                                    "self": 24.64819936233107
                                                                }
                                                            }
                                                        }
                                                    }
                                                }
                                            }
                                        }
                                    }
                                }
                            }
                        }
                    }
                },
                "TrainerController._save_models": {
                    "total": 0.6088260000105947,
                    "count": 1,
                    "self": 0.11418410000624135,
                    "children": {
                        "RLTrainer._checkpoint": {
                            "total": 0.4946419000043534,
                            "count": 2,
                            "self": 0.4946419000043534
                        }
                    }
                }
            }
        }
    }
}