{
    "name": "root",
    "metadata": {
        "timer_format_version": "0.1.0",
        "start_time_seconds": "1752579168",
        "python_version": "3.10.0 (tags/v3.10.0:b494f59, Oct  4 2021, 19:00:18) [MSC v.1929 64 bit (AMD64)]",
        "command_line_arguments": "C:\\Users\\giuli\\Desktop\\Giulia\\SistemiComplessiProgettoRL\\Cars2\\venv\\Scripts\\mlagents-learn lamine.yaml",
        "mlagents_version": "0.30.0",
        "mlagents_envs_version": "0.30.0",
        "communication_protocol_version": "1.5.0",
        "pytorch_version": "2.2.2+cu121",
        "numpy_version": "1.21.2",
        "end_time_seconds": "1752579350"
    },
    "total": 181.956684600038,
    "count": 1,
    "self": 0.03471979999449104,
    "children": {
        "run_training.setup": {
            "total": 0.11948690004646778,
            "count": 1,
            "self": 0.11948690004646778
        },
        "TrainerController.start_learning": {
            "total": 181.80247789999703,
            "count": 1,
            "self": 0.004420300072524697,
            "children": {
                "TrainerController._reset_env": {
                    "total": 56.151749399956316,
                    "count": 1,
                    "self": 56.151749399956316
                },
                "TrainerController.advance": {
                    "total": 125.06430559995351,
                    "count": 103,
                    "self": 0.0021119999000802636,
                    "children": {
                        "env_step": {
                            "total": 125.06219360005343,
                            "count": 103,
                            "self": 123.80894040083513,
                            "children": {
                                "SubprocessEnvManager._take_step": {
                                    "total": 1.2513754992978647,
                                    "count": 103,
                                    "self": 0.020112698548473418,
                                    "children": {
                                        "TorchPolicy.evaluate": {
                                            "total": 1.2312628007493913,
                                            "count": 206,
                                            "self": 1.2312628007493913
                                        }
                                    }
                                },
                                "workers": {
                                    "total": 0.0018776999204419553,
                                    "count": 102,
                                    "self": 0.0,
                                    "children": {
                                        "worker_root": {
                                            "total": 6.753822600119747,
                                            "count": 102,
                                            "is_parallel": true,
                                            "self": 5.676678800256923,
                                            "children": {
                                                "steps_from_proto": {
                                                    "total": 0.0004450999549590051,
                                                    "count": 2,
                                                    "is_parallel": true,
                                                    "self": 0.00013149995356798172,
                                                    "children": {
                                                        "_process_rank_one_or_two_observation": {
                                                            "total": 0.0003136000013910234,
                                                            "count": 8,
                                                            "is_parallel": true,
                                                            "self": 0.0003136000013910234
                                                        }
                                                    }
                                                },
                                                "UnityEnvironment.step": {
                                                    "total": 1.0766986999078654,
                                                    "count": 102,
                                                    "is_parallel": true,
                                                    "self": 0.014550600026268512,
                                                    "children": {
                                                        "UnityEnvironment._generate_step_input": {
                                                            "total": 0.01483179972274229,
                                                            "count": 102,
                                                            "is_parallel": true,
                                                            "self": 0.01483179972274229
                                                        },
                                                        "communicator.exchange": {
                                                            "total": 1.0025729999761097,
                                                            "count": 102,
                                                            "is_parallel": true,
                                                            "self": 1.0025729999761097
                                                        },
                                                        "steps_from_proto": {
                                                            "total": 0.04474330018274486,
                                                            "count": 204,
                                                            "is_parallel": true,
                                                            "self": 0.015172901505138725,
                                                            "children": {
                                                                "_process_rank_one_or_two_observation": {
                                                                    "total": 0.029570398677606136,
                                                                    "count": 816,
                                                                    "is_parallel": true,
                                                                    "self": 0.029570398677606136
                                                                }
                                                            }
                                                        }
                                                    }
                                                }
                                            }
                                        }
                                    }
                                }
                            }
                        }
                    }
                },
                "TrainerController._save_models": {
                    "total": 0.5820026000146754,
                    "count": 1,
                    "self": 0.032584100030362606,
                    "children": {
                        "RLTrainer._checkpoint": {
                            "total": 0.5494184999843128,
                            "count": 2,
                            "self": 0.5494184999843128
                        }
                    }
                }
            }
        }
    }
}