{
    "name": "root",
    "gauges": {
        "RedCar.Policy.Entropy.mean": {
            "value": 1.3731658458709717,
            "min": 1.3731658458709717,
            "max": 1.400671124458313,
            "count": 131
        },
        "RedCar.Policy.Entropy.sum": {
            "value": 13654.76171875,
            "min": 8432.7236328125,
            "max": 16403.51953125,
            "count": 131
        },
        "RedCar.Environment.EpisodeLength.mean": {
            "value": 582.1052631578947,
            "min": 366.2105263157895,
            "max": 1882.75,
            "count": 131
        },
        "RedCar.Environment.EpisodeLength.sum": {
            "value": 11060.0,
            "min": 2277.0,
            "max": 15450.0,
            "count": 131
        },
        "RedCar.Step.mean": {
            "value": 2469487.0,
            "min": 1169859.0,
            "max": 2469487.0,
            "count": 131
        },
        "RedCar.Step.sum": {
            "value": 2469487.0,
            "min": 1169859.0,
            "max": 2469487.0,
            "count": 131
        },
        "RedCar.Policy.ExtrinsicValueEstimate.mean": {
            "value": 566.38916015625,
            "min": 292.2901611328125,
            "max": 771.4908447265625,
            "count": 131
        },
        "RedCar.Policy.ExtrinsicValueEstimate.sum": {
            "value": 11894.1728515625,
            "min": 4247.36962890625,
            "max": 15757.8447265625,
            "count": 131
        },
        "RedCar.Environment.CumulativeReward.mean": {
            "value": 4004.1660847134062,
            "min": 713.441683959961,
            "max": 14359.695385742187,
            "count": 131
        },
        "RedCar.Environment.CumulativeReward.sum": {
            "value": 72074.98952484131,
            "min": 3567.2084197998047,
            "max": 113845.80027008057,
            "count": 131
        },
        "RedCar.Policy.ExtrinsicReward.mean": {
            "value": 4004.1660847134062,
            "min": 713.441683959961,
            "max": 14359.695385742187,
            "count": 131
        },
        "RedCar.Policy.ExtrinsicReward.sum": {
            "value": 72074.98952484131,
            "min": 3567.2084197998047,
            "max": 113845.80027008057,
            "count": 131
        },
        "RedCar.IsTraining.mean": {
            "value": 1.0,
            "min": 1.0,
            "max": 1.0,
            "count": 131
        },
        "RedCar.IsTraining.sum": {
            "value": 1.0,
            "min": 1.0,
            "max": 1.0,
            "count": 131
        },
        "RedCar.Losses.PolicyLoss.mean": {
            "value": 0.021903690053538108,
            "min": 0.010561322286957876,
            "max": 0.021903690053538108,
            "count": 62
        },
        "RedCar.Losses.PolicyLoss.sum": {
            "value": 0.021903690053538108,
            "min": 0.010561322286957876,
            "max": 0.021903690053538108,
            "count": 62
        },
        "RedCar.Losses.ValueLoss.mean": {
            "value": 6146.416031901042,
            "min": 4263.482275390625,
            "max": 9153.012858072916,
            "count": 62
        },
        "RedCar.Losses.ValueLoss.sum": {
            "value": 6146.416031901042,
            "min": 4263.482275390625,
            "max": 9153.012858072916,
            "count": 62
        },
        "RedCar.Policy.LearningRate.mean": {
            "value": 0.000285260152913284,
            "min": 0.000285260152913284,
            "max": 0.0002928766043744661,
            "count": 62
        },
        "RedCar.Policy.LearningRate.sum": {
            "value": 0.000285260152913284,
            "min": 0.000285260152913284,
            "max": 0.0002928766043744661,
            "count": 62
        },
        "RedCar.Policy.Epsilon.mean": {
            "value": 0.19508671599999994,
            "min": 0.19508671599999994,
            "max": 0.19762553400000005,
            "count": 62
        },
        "RedCar.Policy.Epsilon.sum": {
            "value": 0.19508671599999994,
            "min": 0.19508671599999994,
            "max": 0.19762553400000005,
            "count": 62
        },
        "RedCar.Policy.Beta.mean": {
            "value": 0.0047548271284,
            "min": 0.0047548271284,
            "max": 0.004881514146600002,
            "count": 62
        },
        "RedCar.Policy.Beta.sum": {
            "value": 0.0047548271284,
            "min": 0.0047548271284,
            "max": 0.004881514146600002,
            "count": 62
        },
        "BlueCar.Policy.Entropy.mean": {
            "value": 1.3759053945541382,
            "min": 1.3731520175933838,
            "max": 1.3985481262207031,
            "count": 131
        },
        "BlueCar.Policy.Entropy.sum": {
            "value": 14166.322265625,
            "min": 7608.1015625,
            "max": 16779.205078125,
            "count": 131
        },
        "BlueCar.Environment.EpisodeLength.mean": {
            "value": 312.2352941176471,
            "min": 233.21621621621622,
            "max": 1416.0,
            "count": 131
        },
        "BlueCar.Environment.EpisodeLength.sum": {
            "value": 10616.0,
            "min": 2415.0,
            "max": 14076.0,
            "count": 131
        },
        "BlueCar.Step.mean": {
            "value": 2469712.0,
            "min": 1169224.0,
            "max": 2469712.0,
            "count": 131
        },
        "BlueCar.Step.sum": {
            "value": 2469712.0,
            "min": 1169224.0,
            "max": 2469712.0,
            "count": 131
        },
        "BlueCar.Policy.ExtrinsicValueEstimate.mean": {
            "value": 196.69842529296875,
            "min": 39.340370178222656,
            "max": 660.17919921875,
            "count": 131
        },
        "BlueCar.Policy.ExtrinsicValueEstimate.sum": {
            "value": 7277.841796875,
            "min": 1028.483154296875,
            "max": 13863.7626953125,
            "count": 131
        },
        "BlueCar.Environment.CumulativeReward.mean": {
            "value": 2169.002233886719,
            "min": 315.502093107804,
            "max": 9688.209799630302,
            "count": 131
        },
        "BlueCar.Environment.CumulativeReward.sum": {
            "value": 75915.07818603516,
            "min": 7256.548141479492,
            "max": 115952.02401542664,
            "count": 131
        },
        "BlueCar.Policy.ExtrinsicReward.mean": {
            "value": 2169.002233886719,
            "min": 315.502093107804,
            "max": 9688.209799630302,
            "count": 131
        },
        "BlueCar.Policy.ExtrinsicReward.sum": {
            "value": 75915.07818603516,
            "min": 7256.548141479492,
            "max": 115952.02401542664,
            "count": 131
        },
        "BlueCar.IsTraining.mean": {
            "value": 1.0,
            "min": 1.0,
            "max": 1.0,
            "count": 131
        },
        "BlueCar.IsTraining.sum": {
            "value": 1.0,
            "min": 1.0,
            "max": 1.0,
            "count": 131
        },
        "BlueCar.Losses.PolicyLoss.mean": {
            "value": 0.01683717577252537,
            "min": 0.011949806673348936,
            "max": 0.022315891451823215,
            "count": 62
        },
        "BlueCar.Losses.PolicyLoss.sum": {
            "value": 0.01683717577252537,
            "min": 0.011949806673348936,
            "max": 0.022315891451823215,
            "count": 62
        },
        "BlueCar.Losses.ValueLoss.mean": {
            "value": 7866.914485677084,
            "min": 4043.73720703125,
            "max": 13750.487858072916,
            "count": 62
        },
        "BlueCar.Losses.ValueLoss.sum": {
            "value": 7866.914485677084,
            "min": 4043.73720703125,
            "max": 13750.487858072916,
            "count": 62
        },