{
    "name": "root",
    "metadata": {
        "timer_format_version": "0.1.0",
        "start_time_seconds": "1750957947",
        "python_version": "3.10.0 (tags/v3.10.0:b494f59, Oct  4 2021, 19:00:18) [MSC v.1929 64 bit (AMD64)]",
        "command_line_arguments": "C:\\Users\\giuli\\Desktop\\Giulia\\SistemiComplessiProgettoRL\\Cars2\\venv\\Scripts\\mlagents-learn race_competition.yaml",
        "mlagents_version": "0.30.0",
        "mlagents_envs_version": "0.30.0",
        "communication_protocol_version": "1.5.0",
        "pytorch_version": "2.2.2+cu121",
        "numpy_version": "1.21.2",
        "end_time_seconds": "1750958309"
    },
    "total": 362.33657049998874,
    "count": 1,
    "self": 0.01206309994449839,
    "children": {
        "run_training.setup": {
            "total": 0.08493690000614151,
            "count": 1,
            "self": 0.08493690000614151
        },
        "TrainerController.start_learning": {
            "total": 362.2395705000381,
            "count": 1,
            "self": 0.5523702072678134,
            "children": {
                "TrainerController._reset_env": {
                    "total": 18.58797690004576,
                    "count": 1,
                    "self": 18.58797690004576
                },
                "TrainerController.advance": {
                    "total": 342.95649149268866,
                    "count": 24288,
                    "self": 0.503690597077366,
                    "children": {
                        "env_step": {
                            "total": 321.06522700126516,
                            "count": 24288,
                            "self": 189.7651737029082,
                            "children": {
                                "SubprocessEnvManager._take_step": {
                                    "total": 130.92151280259714,
                                    "count": 24288,
                                    "self": 1.8129681067657657,
                                    "children": {
                                        "TorchPolicy.evaluate": {
                                            "total": 129.10854469583137,
                                            "count": 24287,
                                            "self": 129.10854469583137
                                        }
                                    }
                                },
                                "workers": {
                                    "total": 0.3785404957598075,
                                    "count": 24287,
                                    "self": 0.0,
                                    "children": {
                                        "worker_root": {
                                            "total": 283.7099745932501,
                                            "count": 24287,
                                            "is_parallel": true,
                                            "self": 183.12296909466386,
                                            "children": {
                                                "steps_from_proto": {
                                                    "total": 0.000528500007931143,
                                                    "count": 1,
                                                    "is_parallel": true,
                                                    "self": 0.00023140001576393843,
                                                    "children": {
                                                        "_process_rank_one_or_two_observation": {
                                                            "total": 0.0002970999921672046,
                                                            "count": 2,
                                                            "is_parallel": true,
                                                            "self": 0.0002970999921672046
                                                        }
                                                    }
                                                },
                                                "UnityEnvironment.step": {
                                                    "total": 100.58647699857829,
                                                    "count": 24287,
                                                    "is_parallel": true,
                                                    "self": 1.667614097124897,
                                                    "children": {
                                                        "UnityEnvironment._generate_step_input": {
                                                            "total": 1.7115125991404057,
                                                            "count": 24287,
                                                            "is_parallel": true,
                                                            "self": 1.7115125991404057
                                                        },
                                                        "communicator.exchange": {
                                                            "total": 91.93220300140092,
                                                            "count": 24287,
                                                            "is_parallel": true,
                                                            "self": 91.93220300140092
                                                        },
                                                        "steps_from_proto": {
                                                            "total": 5.275147300912067,
                                                            "count": 24287,
                                                            "is_parallel": true,
                                                            "self": 2.974794899811968,
                                                            "children": {
                                                                "_process_rank_one_or_two_observation": {
                                                                    "total": 2.300352401100099,
                                                                    "count": 48574,
                                                                    "is_parallel": true,
                                                                    "self": 2.300352401100099
                                                                }
                                                            }
                                                        }
                                                    }
                                                }
                                            }
                                        }
                                    }
                                }
                            }
                        },
                        "trainer_advance": {
                            "total": 21.387573894346133,
                            "count": 24287,
                            "self": 0.6795083864708431,
                            "children": {
                                "process_trajectory": {
                                    "total": 2.9075573078589514,
                                    "count": 24287,
                                    "self": 2.9075573078589514
                                },
                                "_update_policy": {
                                    "total": 17.80050820001634,
                                    "count": 2,
                                    "self": 13.545575199823361,
                                    "children": {
                                        "TorchPPOOptimizer.update": {
                                            "total": 4.2549330001929775,
                                            "count": 200,