{
    "name": "root",
    "gauges": {
        "BlueCar.Policy.Entropy.mean": {
            "value": 1.4306169748306274,
            "min": 1.4189382791519165,
            "max": 1.4359608888626099,
            "count": 37
        },
        "BlueCar.Policy.Entropy.sum": {
            "value": 15400.591796875,
            "min": 11234.6708984375,
            "max": 17368.96484375,
            "count": 37
        },
        "BlueCar.Environment.EpisodeLength.mean": {
            "value": 1166.3,
            "min": 256.5,
            "max": 1166.3,
            "count": 37
        },
        "BlueCar.Environment.EpisodeLength.sum": {
            "value": 11663.0,
            "min": 7235.0,
            "max": 12765.0,
            "count": 37
        },
        "BlueCar.Step.mean": {
            "value": 369982.0,
            "min": 9860.0,
            "max": 369982.0,
            "count": 37
        },
        "BlueCar.Step.sum": {
            "value": 369982.0,
            "min": 9860.0,
            "max": 369982.0,
            "count": 37
        },
        "BlueCar.Policy.ExtrinsicValueEstimate.mean": {
            "value": 1179.7159423828125,
            "min": -0.019105039536952972,
            "max": 1179.7159423828125,
            "count": 37
        },
        "BlueCar.Policy.ExtrinsicValueEstimate.sum": {
            "value": 17695.73828125,
            "min": -0.6877813935279846,
            "max": 20441.5859375,
            "count": 37
        },
        "BlueCar.Environment.CumulativeReward.mean": {
            "value": 16761.74431152344,
            "min": 3209.364317512512,
            "max": 16761.74431152344,
            "count": 37
        },
        "BlueCar.Environment.CumulativeReward.sum": {
            "value": 167617.44311523438,
            "min": 106502.55096435547,
            "max": 211899.4677734375,
            "count": 37
        },
        "BlueCar.Policy.ExtrinsicReward.mean": {
            "value": 16761.74431152344,
            "min": 3209.364317512512,
            "max": 16761.74431152344,
            "count": 37
        },
        "BlueCar.Policy.ExtrinsicReward.sum": {
            "value": 167617.44311523438,
            "min": 106502.55096435547,
            "max": 211899.4677734375,
            "count": 37
        },
        "BlueCar.IsTraining.mean": {
            "value": 1.0,
            "min": 1.0,
            "max": 1.0,
            "count": 37
        },
        "BlueCar.IsTraining.sum": {
            "value": 1.0,
            "min": 1.0,
            "max": 1.0,
            "count": 37
        },
        "RedCar.Policy.Entropy.mean": {
            "value": 1.4427396059036255,
            "min": 1.4189382791519165,
            "max": 1.4432107210159302,
            "count": 37
        },
        "RedCar.Policy.Entropy.sum": {
            "value": 12609.5439453125,
            "min": 12001.654296875,
            "max": 16917.302734375,
            "count": 37
        },
        "RedCar.Environment.EpisodeLength.mean": {
            "value": 2989.5,
            "min": 393.8,
            "max": 2989.5,
            "count": 37
        },
        "RedCar.Environment.EpisodeLength.sum": {
            "value": 11958.0,
            "min": 4617.0,
            "max": 14427.0,
            "count": 37
        },
        "RedCar.Step.mean": {
            "value": 369038.0,
            "min": 9787.0,
            "max": 369038.0,
            "count": 37
        },
        "RedCar.Step.sum": {
            "value": 369038.0,
            "min": 9787.0,
            "max": 369038.0,
            "count": 37
        },
        "RedCar.Policy.ExtrinsicValueEstimate.mean": {
            "value": 1227.72705078125,
            "min": 0.19826914370059967,
            "max": 1227.72705078125,
            "count": 37
        },
        "RedCar.Policy.ExtrinsicValueEstimate.sum": {
            "value": 13504.998046875,
            "min": 3.1723062992095947,
            "max": 13945.681640625,
            "count": 37
        },
        "RedCar.Environment.CumulativeReward.mean": {
            "value": 47627.8525390625,
            "min": 4659.60986328125,
            "max": 47627.8525390625,
            "count": 37
        },
        "RedCar.Environment.CumulativeReward.sum": {
            "value": 190511.41015625,
            "min": 70858.06384277344,
            "max": 229062.494140625,
            "count": 37
        },
        "RedCar.Policy.ExtrinsicReward.mean": {
            "value": 47627.8525390625,
            "min": 4659.60986328125,
            "max": 47627.8525390625,
            "count": 37
        },
        "RedCar.Policy.ExtrinsicReward.sum": {
            "value": 190511.41015625,
            "min": 70858.06384277344,
            "max": 229062.494140625,
            "count": 37
        },
        "RedCar.IsTraining.mean": {
            "value": 1.0,
            "min": 1.0,
            "max": 1.0,
            "count": 37
        },
        "RedCar.IsTraining.sum": {
            "value": 1.0,
            "min": 1.0,
            "max": 1.0,
            "count": 37
        },
        "BlueCar.Losses.PolicyLoss.mean": {
            "value": 0.018666296545416117,
            "min": 0.012843288186316689,
            "max": 0.020376539478699367,
            "count": 17
        },
        "BlueCar.Losses.PolicyLoss.sum": {
            "value": 0.018666296545416117,
            "min": 0.012843288186316689,
            "max": 0.020376539478699367,
            "count": 17
        },
        "BlueCar.Losses.ValueLoss.mean": {
            "value": 38197.597005208336,
            "min": 30397.3291015625,
            "max": 58132.728125,
            "count": 17
        },
        "BlueCar.Losses.ValueLoss.sum": {
            "value": 38197.597005208336,
            "min": 30397.3291015625,
            "max": 58132.728125,
            "count": 17
        },
        "BlueCar.Policy.LearningRate.mean": {
            "value": 0.00027881184706272,
            "min": 0.00027881184706272,
            "max": 0.0002987474404175201,
            "count": 17
        },
        "BlueCar.Policy.LearningRate.sum": {
            "value": 0.00027881184706272,
            "min": 0.00027881184706272,
            "max": 0.0002987474404175201,
            "count": 17
        },
        "BlueCar.Policy.Epsilon.mean": {
            "value": 0.19293727999999996,
            "min": 0.19293727999999996,
            "max": 0.19958248000000003,
            "count": 17
        },
        "BlueCar.Policy.Epsilon.sum": {
            "value": 0.19293727999999996,
            "min": 0.19293727999999996,
            "max": 0.19958248000000003,
            "count": 17
        },
        "BlueCar.Policy.Beta.mean": {
            "value": 0.004647570271999999,
            "min": 0.004647570271999999,
            "max": 0.004979165751999999,
            "count": 17
        },
        "BlueCar.Policy.Beta.sum": {
            "value": 0.004647570271999999,
            "min": 0.004647570271999999,
            "max": 0.004979165751999999,
            "count": 17
        },
        "RedCar.Losses.PolicyLoss.mean": {
            "value": 0.015912825133030613,
            "min": 0.011969156361495455,
            "max": 0.02542702341452241,
            "count": 17
        },
        "RedCar.Losses.PolicyLoss.sum": {
            "value": 0.015912825133030613,
            "min": 0.011969156361495455,
            "max": 0.02542702341452241,
            "count": 17
        },
        "RedCar.Losses.ValueLoss.mean": {
            "value": 24845.0224609375,
            "min": 23163.083528645835,
            "max": 67192.3515625,
            "count": 17
        },
        "RedCar.Losses.ValueLoss.sum": {
            "value": 24845.0224609375,
            "min": 23163.083528645835,
            "max": 67192.3515625,
            "count": 17
        },
        "RedCar.Policy.LearningRate.mean": {
            "value": 0.00027874668708443987,
            "min": 0.00027874668708443987,