{
    "name": "root",
    "metadata": {
        "timer_format_version": "0.1.0",
        "start_time_seconds": "1751442635",
        "python_version": "3.10.0 (tags/v3.10.0:b494f59, Oct  4 2021, 19:00:18) [MSC v.1929 64 bit (AMD64)]",
        "command_line_arguments": "C:\\Users\\giuli\\Desktop\\Giulia\\SistemiComplessiProgettoRL\\Cars2\\venv\\Scripts\\mlagents-learn lamine.yaml --run-id=fase2 --initialize-from=ppo",
        "mlagents_version": "0.30.0",
        "mlagents_envs_version": "0.30.0",
        "communication_protocol_version": "1.5.0",
        "pytorch_version": "2.2.2+cu121",
        "numpy_version": "1.21.2",
        "end_time_seconds": "1751443678"
    },
    "total": 1043.2681092000566,
    "count": 1,
    "self": 0.011985799996182323,
    "children": {
        "run_training.setup": {
            "total": 0.06887509999796748,
            "count": 1,
            "self": 0.06887509999796748
        },
        "TrainerController.start_learning": {
            "total": 1043.1872483000625,
            "count": 1,
            "self": 1.0824467106722295,
            "children": {
                "TrainerController._reset_env": {
                    "total": 12.236902300035581,
                    "count": 1,
                    "self": 12.236902300035581
                },
                "TrainerController.advance": {
                    "total": 1029.389170889277,
                    "count": 37852,
                    "self": 0.46171479078475386,
                    "children": {
                        "env_step": {
                            "total": 1028.9274560984923,
                            "count": 37852,
                            "self": 695.1781803173944,
                            "children": {
                                "SubprocessEnvManager._take_step": {
                                    "total": 333.20691509055905,
                                    "count": 37852,
                                    "self": 5.327041474170983,
                                    "children": {
                                        "TorchPolicy.evaluate": {
                                            "total": 327.87987361638807,
                                            "count": 74048,
                                            "self": 327.87987361638807
                                        }
                                    }
                                },
                                "workers": {
                                    "total": 0.5423606905387715,
                                    "count": 37851,
                                    "self": 0.0,
                                    "children": {
                                        "worker_root": {
                                            "total": 911.294348396943,
                                            "count": 37851,
                                            "is_parallel": true,
                                            "self": 429.7616704913089,
                                            "children": {
                                                "steps_from_proto": {
                                                    "total": 0.0009439000859856606,
                                                    "count": 2,
                                                    "is_parallel": true,
                                                    "self": 0.0003042002208530903,
                                                    "children": {
                                                        "_process_rank_one_or_two_observation": {
                                                            "total": 0.0006396998651325703,
                                                            "count": 8,
                                                            "is_parallel": true,
                                                            "self": 0.0006396998651325703
                                                        }
                                                    }
                                                },
                                                "UnityEnvironment.step": {
                                                    "total": 481.53173400554806,
                                                    "count": 37851,
                                                    "is_parallel": true,
                                                    "self": 5.241821842733771,
                                                    "children": {
                                                        "UnityEnvironment._generate_step_input": {
                                                            "total": 6.491470480919816,
                                                            "count": 37851,
                                                            "is_parallel": true,
                                                            "self": 6.491470480919816
                                                        },
                                                        "communicator.exchange": {
                                                            "total": 454.0774597834097,
                                                            "count": 37851,
                                                            "is_parallel": true,
                                                            "self": 454.0774597834097
                                                        },
                                                        "steps_from_proto": {
                                                            "total": 15.720981898484752,
                                                            "count": 75702,
                                                            "is_parallel": true,
                                                            "self": 4.911238719476387,
                                                            "children": {
                                                                "_process_rank_one_or_two_observation": {
                                                                    "total": 10.809743179008365,
                                                                    "count": 302808,
                                                                    "is_parallel": true,
                                                                    "self": 10.809743179008365
                                                                }
                                                            }
                                                        }
                                                    }
                                                }
                                            }
                                        }
                                    }
                                }
                            }
                        }
                    }
                },
                "TrainerController._save_models": {
                    "total": 0.4787284000776708,
                    "count": 1,
                    "self": 0.07386990007944405,
                    "children": {
                        "RLTrainer._checkpoint": {
                            "total": 0.40485849999822676,
                            "count": 2,
                            "self": 0.40485849999822676
                        }
                    }
                }
            }
        }
    }
}