{
    "name": "root",
    "metadata": {
        "timer_format_version": "0.1.0",
        "start_time_seconds": "1751280151",
        "python_version": "3.9.13 (tags/v3.9.13:6de2ca5, May 17 2022, 16:36:42) [MSC v.1929 64 bit (AMD64)]",
        "command_line_arguments": "D:\\Unity\\Cars2\\venv\\Scripts\\mlagents-learn lamine.yaml --run-id=TestRun --force",
        "mlagents_version": "0.30.0",
        "mlagents_envs_version": "0.30.0",
        "communication_protocol_version": "1.5.0",
        "pytorch_version": "1.13.1+cu117",
        "numpy_version": "1.21.2",
        "end_time_seconds": "1751280359"
    },
    "total": 208.1033377,
    "count": 1,
    "self": 0.005157900000000382,
    "children": {
        "run_training.setup": {
            "total": 0.06252340000000012,
            "count": 1,
            "self": 0.06252340000000012
        },
        "TrainerController.start_learning": {
            "total": 208.0356564,
            "count": 1,
            "self": 0.11525590000061925,
            "children": {
                "TrainerController._reset_env": {
                    "total": 8.7580545,
                    "count": 1,
                    "self": 8.7580545
                },
                "TrainerController.advance": {
                    "total": 198.98035179999937,
                    "count": 7335,
                    "self": 0.0500735999988251,
                    "children": {
                        "env_step": {
                            "total": 198.93027820000054,
                            "count": 7335,
                            "self": 167.10084810000063,
                            "children": {
                                "SubprocessEnvManager._take_step": {
                                    "total": 31.777394299999692,
                                    "count": 7335,
                                    "self": 0.4904083999986284,
                                    "children": {
                                        "TorchPolicy.evaluate": {
                                            "total": 31.286985900001063,
                                            "count": 13168,
                                            "self": 31.286985900001063
                                        }
                                    }
                                },
                                "workers": {
                                    "total": 0.05203580000022434,
                                    "count": 7334,
                                    "self": 0.0,
                                    "children": {
                                        "worker_root": {
                                            "total": 138.24741360000013,
                                            "count": 7334,
                                            "is_parallel": true,
                                            "self": 49.41927590000013,
                                            "children": {
                                                "steps_from_proto": {
                                                    "total": 0.0004553000000004914,
                                                    "count": 2,
                                                    "is_parallel": true,
                                                    "self": 9.770000000131063e-05,
                                                    "children": {
                                                        "_process_rank_one_or_two_observation": {
                                                            "total": 0.0003575999999991808,
                                                            "count": 8,
                                                            "is_parallel": true,
                                                            "self": 0.0003575999999991808
                                                        }
                                                    }
                                                },
                                                "UnityEnvironment.step": {
                                                    "total": 88.8276824,
                                                    "count": 7334,
                                                    "is_parallel": true,
                                                    "self": 1.1540040999981045,
                                                    "children": {
                                                        "UnityEnvironment._generate_step_input": {
                                                            "total": 1.2243165999999146,
                                                            "count": 7334,
                                                            "is_parallel": true,
                                                            "self": 1.2243165999999146
                                                        },
                                                        "communicator.exchange": {
                                                            "total": 83.73823600000144,
                                                            "count": 7334,
                                                            "is_parallel": true,
                                                            "self": 83.73823600000144
                                                        },
                                                        "steps_from_proto": {
                                                            "total": 2.7111257000005455,
                                                            "count": 14668,
                                                            "is_parallel": true,
                                                            "self": 0.6108167999996752,
                                                            "children": {
                                                                "_process_rank_one_or_two_observation": {
                                                                    "total": 2.1003089000008703,
                                                                    "count": 58672,
                                                                    "is_parallel": true,
                                                                    "self": 2.1003089000008703
                                                                }
                                                            }
                                                        }
                                                    }
                                                }
                                            }
                                        }
                                    }
                                }
                            }
                        }
                    }
                },
                "TrainerController._save_models": {
                    "total": 0.18199419999999122,
                    "count": 1,
                    "self": 0.012541299999980993,
                    "children": {
                        "RLTrainer._checkpoint": {
                            "total": 0.16945290000001023,
                            "count": 2,
                            "self": 0.16945290000001023
                        }
                    }
                }
            }
        }
    }
}