{
    "name": "root",
    "gauges": {
        "Car.Policy.Entropy.mean": {
            "value": 1.4157123565673828,
            "min": 1.4157123565673828,
            "max": 1.4189382791519165,
            "count": 6
        },
        "Car.Policy.Entropy.sum": {
            "value": 14157.123046875,
            "min": 14157.123046875,
            "max": 14189.3828125,
            "count": 6
        },
        "Car.Environment.EpisodeLength.mean": {
            "value": 0.0,
            "min": 0.0,
            "max": 0.025956704627064738,
            "count": 6
        },
        "Car.Environment.EpisodeLength.sum": {
            "value": 0.0,
            "min": 0.0,
            "max": 253.0,
            "count": 6
        },
        "Car.Step.mean": {
            "value": 59999.0,
            "min": 9999.0,
            "max": 59999.0,
            "count": 6
        },
        "Car.Step.sum": {
            "value": 59999.0,
            "min": 9999.0,
            "max": 59999.0,
            "count": 6
        },
        "Car.Policy.ExtrinsicValueEstimate.mean": {
            "value": -4.183069705963135,
            "min": -9.951040267944336,
            "max": 0.33489659428596497,
            "count": 6
        },
        "Car.Policy.ExtrinsicValueEstimate.sum": {
            "value": -41830.69921875,
            "min": -98375.984375,
            "max": 3348.9658203125,
            "count": 6
        },
        "Car.Environment.CumulativeReward.mean": {
            "value": -18.502011809539795,
            "min": -19.07870528313546,
            "max": -18.428242629395847,
            "count": 6
        },
        "Car.Environment.CumulativeReward.sum": {
            "value": -185020.11809539795,
            "min": -188612.08042907715,
            "max": -179601.65266609192,
            "count": 6
        },
        "Car.Policy.ExtrinsicReward.mean": {
            "value": -18.502011809539795,
            "min": -19.07870528313546,
            "max": -18.428242629395847,
            "count": 6
        },
        "Car.Policy.ExtrinsicReward.sum": {
            "value": -185020.11809539795,
            "min": -188612.08042907715,
            "max": -179601.65266609192,
            "count": 6
        },
        "Car.IsTraining.mean": {
            "value": 1.0,
            "min": 1.0,
            "max": 1.0,
            "count": 6
        },
        "Car.IsTraining.sum": {
            "value": 1.0,
            "min": 1.0,
            "max": 1.0,
            "count": 6
        },
        "Car.Losses.PolicyLoss.mean": {
            "value": 0.013981380267068744,
            "min": 0.013981380267068744,
            "max": 0.0165247224116077,
            "count": 2
        },
        "Car.Losses.PolicyLoss.sum": {
            "value": 0.013981380267068744,
            "min": 0.013981380267068744,
            "max": 0.0165247224116077,
            "count": 2
        },
        "Car.Losses.ValueLoss.mean": {
            "value": 172.06342748006185,
            "min": 172.06342748006185,
            "max": 455.58527018229165,
            "count": 2
        },
        "Car.Losses.ValueLoss.sum": {
            "value": 172.06342748006185,
            "min": 172.06342748006185,
            "max": 455.58527018229165,
            "count": 2
        },
        "Car.Policy.LearningRate.mean": {
            "value": 0.0002975421608192799,
            "min": 0.0002975421608192799,
            "max": 0.00029877108040963997,
            "count": 2
        },
        "Car.Policy.LearningRate.sum": {
            "value": 0.0002975421608192799,
            "min": 0.0002975421608192799,
            "max": 0.00029877108040963997,
            "count": 2
        },
        "Car.Policy.Epsilon.mean": {
            "value": 0.19918072000000006,
            "min": 0.19918072000000006,
            "max": 0.19959036000000008,
            "count": 2
        },
        "Car.Policy.Epsilon.sum": {
            "value": 0.19918072000000006,
            "min": 0.19918072000000006,
            "max": 0.19959036000000008,
            "count": 2
        },
        "Car.Policy.Beta.mean": {
            "value": 0.004959117928,
            "min": 0.004959117928,
            "max": 0.004979558963999999,
            "count": 2
        },
        "Car.Policy.Beta.sum": {
            "value": 0.004959117928,
            "min": 0.004959117928,
            "max": 0.004979558963999999,
            "count": 2
        }
    },
    "metadata": {
        "timer_format_version": "0.1.0",
        "start_time_seconds": "1751835731",
        "python_version": "3.9.13 (tags/v3.9.13:6de2ca5, May 17 2022, 16:36:42) [MSC v.1929 64 bit (AMD64)]",
        "command_line_arguments": "D:\\Unity\\Cars2\\venv\\Scripts\\mlagents-learn race_competition.yaml --run-id=testRun --force",
        "mlagents_version": "0.30.0",
        "mlagents_envs_version": "0.30.0",
        "communication_protocol_version": "1.5.0",
        "pytorch_version": "1.13.1+cu117",
        "numpy_version": "1.21.2",
        "end_time_seconds": "1751836141"
    },
    "total": 410.1985026,
    "count": 1,
    "self": 0.005288999999947919,
    "children": {
        "run_training.setup": {
            "total": 0.07643730000000004,
            "count": 1,
            "self": 0.07643730000000004
        },
        "TrainerController.start_learning": {
            "total": 410.1167763,
            "count": 1,
            "self": 0.5847884000021395,
            "children": {
                "TrainerController._reset_env": {
                    "total": 8.53102,
                    "count": 1,
                    "self": 8.53102
                },
                "TrainerController.advance": {
                    "total": 400.90896929999786,
                    "count": 61310,
                    "self": 0.45307159999282476,
                    "children": {
                        "env_step": {
                            "total": 264.1001574000009,
                            "count": 61310,
                            "self": 185.64084759999815,
                            "children": {
                                "SubprocessEnvManager._take_step": {
                                    "total": 78.14010399999856,
                                    "count": 61310,
                                    "self": 0.9543601999966,
                                    "children": {
                                        "TorchPolicy.evaluate": {
                                            "total": 77.18574380000196,
                                            "count": 30734,
                                            "self": 77.18574380000196
                                        }
                                    }
                                },
                                "workers": {
                                    "total": 0.3192058000041893,
                                    "count": 61309,
                                    "self": 0.0,
                                    "children": {
                                        "worker_root": {
                                            "total": 339.98663230000324,
                                            "count": 61309,
                                            "is_parallel": true,
                                            "self": 240.75474839999873,
                                            "children": {
                                                "steps_from_proto": {
                                                    "total": 0.0002621999999998792,
                                                    "count": 1,
                                                    "is_parallel": true,
                                                    "self": 0.00010669999999812774,