{
    "name": "root",
    "metadata": {
        "timer_format_version": "0.1.0",
        "start_time_seconds": "1751290238",
        "python_version": "3.9.13 (tags/v3.9.13:6de2ca5, May 17 2022, 16:36:42) [MSC v.1929 64 bit (AMD64)]",
        "command_line_arguments": "D:\\Unity\\Cars2\\venv\\Scripts\\mlagents-learn lamine.yaml --run-id=TestRun --resume",
        "mlagents_version": "0.30.0",
        "mlagents_envs_version": "0.30.0",
        "communication_protocol_version": "1.5.0",
        "pytorch_version": "1.13.1+cu117",
        "numpy_version": "1.21.2",
        "end_time_seconds": "1751290326"
    },
    "total": 88.7367294,
    "count": 1,
    "self": 0.006552799999994363,
    "children": {
        "run_training.setup": {
            "total": 0.0644511000000001,
            "count": 1,
            "self": 0.0644511000000001
        },
        "TrainerController.start_learning": {
            "total": 88.66572550000001,
            "count": 1,
            "self": 0.020016400000059775,
            "children": {
                "TrainerController._reset_env": {
                    "total": 6.7626257,
                    "count": 1,
                    "self": 6.7626257
                },
                "TrainerController.advance": {
                    "total": 81.69956659999994,
                    "count": 1197,
                    "self": 0.007631999999915706,
                    "children": {
                        "env_step": {
                            "total": 81.69193460000002,
                            "count": 1197,
                            "self": 76.6282556,
                            "children": {
                                "SubprocessEnvManager._take_step": {
                                    "total": 5.055130300000016,
                                    "count": 1197,
                                    "self": 0.08600250000002507,
                                    "children": {
                                        "TorchPolicy.evaluate": {
                                            "total": 4.969127799999991,
                                            "count": 2314,
                                            "self": 4.969127799999991
                                        }
                                    }
                                },
                                "workers": {
                                    "total": 0.008548700000003961,
                                    "count": 1196,
                                    "self": 0.0,
                                    "children": {
                                        "worker_root": {
                                            "total": 21.052722399999926,
                                            "count": 1196,
                                            "is_parallel": true,
                                            "self": 8.289953699999895,
                                            "children": {
                                                "steps_from_proto": {
                                                    "total": 0.00045709999999932194,
                                                    "count": 2,
                                                    "is_parallel": true,
                                                    "self": 9.899999999962716e-05,
                                                    "children": {
                                                        "_process_rank_one_or_two_observation": {
                                                            "total": 0.0003580999999996948,
                                                            "count": 8,
                                                            "is_parallel": true,
                                                            "self": 0.0003580999999996948
                                                        }
                                                    }
                                                },
                                                "UnityEnvironment.step": {
                                                    "total": 12.762311600000032,
                                                    "count": 1196,
                                                    "is_parallel": true,
                                                    "self": 0.19314949999986908,
                                                    "children": {
                                                        "UnityEnvironment._generate_step_input": {
                                                            "total": 0.2055683000000279,
                                                            "count": 1196,
                                                            "is_parallel": true,
                                                            "self": 0.2055683000000279
                                                        },
                                                        "communicator.exchange": {
                                                            "total": 11.90498810000009,
                                                            "count": 1196,
                                                            "is_parallel": true,
                                                            "self": 11.90498810000009
                                                        },
                                                        "steps_from_proto": {
                                                            "total": 0.45860570000004586,
                                                            "count": 2392,
                                                            "is_parallel": true,
                                                            "self": 0.10150139999995389,
                                                            "children": {
                                                                "_process_rank_one_or_two_observation": {
                                                                    "total": 0.35710430000009197,
                                                                    "count": 9568,
                                                                    "is_parallel": true,
                                                                    "self": 0.35710430000009197
                                                                }
                                                            }
                                                        }
                                                    }
                                                }
                                            }
                                        }
                                    }
                                }
                            }
                        }
                    }
                },
                "TrainerController._save_models": {
                    "total": 0.1835168000000067,
                    "count": 1,
                    "self": 0.019833600000026763,
                    "children": {
                        "RLTrainer._checkpoint": {
                            "total": 0.16368319999997993,
                            "count": 2,
                            "self": 0.16368319999997993
                        }
                    }
                }
            }
        }
    }
}