{
    "name": "root",
    "gauges": {
        "Car.Policy.Entropy.mean": {
            "value": 1.4205433130264282,
            "min": 1.4189382791519165,
            "max": 1.4205433130264282,
            "count": 3
        },
        "Car.Policy.Entropy.sum": {
            "value": 16498.189453125,
            "min": 14189.3828125,
            "max": 16498.189453125,
            "count": 3
        },
        "Car.Environment.EpisodeLength.mean": {
            "value": 0.4104014346806456,
            "min": 0.0,
            "max": 0.4104014346806456,
            "count": 3
        },
        "Car.Environment.EpisodeLength.sum": {
            "value": 2975.0,
            "min": 0.0,
            "max": 2975.0,
            "count": 3
        },
        "Car.Step.mean": {
            "value": 29871.0,
            "min": 9999.0,
            "max": 29871.0,
            "count": 3
        },
        "Car.Step.sum": {
            "value": 29871.0,
            "min": 9999.0,
            "max": 29871.0,
            "count": 3
        },
        "Car.Policy.ExtrinsicValueEstimate.mean": {
            "value": 0.8143288493156433,
            "min": 0.10034587234258652,
            "max": 0.8143288493156433,
            "count": 3
        },
        "Car.Policy.ExtrinsicValueEstimate.sum": {
            "value": 5894.1123046875,
            "min": 835.881103515625,
            "max": 5894.1123046875,
            "count": 3
        },
        "Car.Environment.CumulativeReward.mean": {
            "value": -0.8134771104789827,
            "min": -0.9921748071515403,
            "max": -0.43986701431274416,
            "count": 3
        },
        "Car.Environment.CumulativeReward.sum": {
            "value": -5887.947325646877,
            "min": -8264.81614357233,
            "max": -4398.670143127441,
            "count": 3
        },
        "Car.Policy.ExtrinsicReward.mean": {
            "value": -0.8134771104789827,
            "min": -0.9921748071515403,
            "max": -0.43986701431274416,
            "count": 3
        },
        "Car.Policy.ExtrinsicReward.sum": {
            "value": -5887.947325646877,
            "min": -8264.81614357233,
            "max": -4398.670143127441,
            "count": 3
        },
        "Car.IsTraining.mean": {
            "value": 1.0,
            "min": 1.0,
            "max": 1.0,
            "count": 3
        },
        "Car.IsTraining.sum": {
            "value": 1.0,
            "min": 1.0,
            "max": 1.0,
            "count": 3
        },
        "Car.Losses.PolicyLoss.mean": {
            "value": 0.013389087468385696,
            "min": 0.013389087468385696,
            "max": 0.013389087468385696,
            "count": 1
        },
        "Car.Losses.PolicyLoss.sum": {
            "value": 0.013389087468385696,
            "min": 0.013389087468385696,
            "max": 0.013389087468385696,
            "count": 1
        },
        "Car.Losses.ValueLoss.mean": {
            "value": 1537.5775899251303,
            "min": 1537.5775899251303,
            "max": 1537.5775899251303,
            "count": 1
        },
        "Car.Losses.ValueLoss.sum": {
            "value": 1537.5775899251303,
            "min": 1537.5775899251303,
            "max": 1537.5775899251303,
            "count": 1
        },
        "Car.Policy.LearningRate.mean": {
            "value": 0.00029877072040975996,
            "min": 0.00029877072040975996,
            "max": 0.00029877072040975996,
            "count": 1
        },
        "Car.Policy.LearningRate.sum": {
            "value": 0.00029877072040975996,
            "min": 0.00029877072040975996,
            "max": 0.00029877072040975996,
            "count": 1
        },
        "Car.Policy.Epsilon.mean": {
            "value": 0.19959024,
            "min": 0.19959024,
            "max": 0.19959024,
            "count": 1
        },
        "Car.Policy.Epsilon.sum": {
            "value": 0.19959024,
            "min": 0.19959024,
            "max": 0.19959024,
            "count": 1
        },
        "Car.Policy.Beta.mean": {
            "value": 0.0049795529759999995,
            "min": 0.0049795529759999995,
            "max": 0.0049795529759999995,
            "count": 1
        },
        "Car.Policy.Beta.sum": {
            "value": 0.0049795529759999995,
            "min": 0.0049795529759999995,
            "max": 0.0049795529759999995,
            "count": 1
        }
    },
    "metadata": {
        "timer_format_version": "0.1.0",
        "start_time_seconds": "1751876107",
        "python_version": "3.9.13 (tags/v3.9.13:6de2ca5, May 17 2022, 16:36:42) [MSC v.1929 64 bit (AMD64)]",
        "command_line_arguments": "D:\\Unity\\Cars2\\venv\\Scripts\\mlagents-learn race_competition.yaml --run-id=testRun --force",
        "mlagents_version": "0.30.0",
        "mlagents_envs_version": "0.30.0",
        "communication_protocol_version": "1.5.0",
        "pytorch_version": "1.13.1+cu117",
        "numpy_version": "1.21.2",
        "end_time_seconds": "1751876243"
    },
    "total": 135.8621624,
    "count": 1,
    "self": 10.004946899999993,
    "children": {
        "run_training.setup": {
            "total": 0.06331979999999993,
            "count": 1,
            "self": 0.06331979999999993
        },
        "TrainerController.start_learning": {
            "total": 125.7938957,
            "count": 1,
            "self": 0.0945069000000558,
            "children": {
                "TrainerController._reset_env": {
                    "total": 10.8232475,
                    "count": 1,
                    "self": 10.8232475
                },
                "TrainerController.advance": {
                    "total": 114.79523149999991,
                    "count": 7278,
                    "self": 0.06860129999859055,
                    "children": {
                        "env_step": {
                            "total": 63.97353570000097,
                            "count": 7278,
                            "self": 54.62651140000062,
                            "children": {
                                "SubprocessEnvManager._take_step": {
                                    "total": 9.3009595000001,
                                    "count": 7279,
                                    "self": 0.1413476999999439,
                                    "children": {
                                        "TorchPolicy.evaluate": {
                                            "total": 9.159611800000157,
                                            "count": 3690,
                                            "self": 9.159611800000157
                                        }
                                    }
                                },
                                "workers": {
                                    "total": 0.0460648000002557,
                                    "count": 7277,
                                    "self": 0.0,
                                    "children": {
                                        "worker_root": {
                                            "total": 103.19339209999956,
                                            "count": 7277,
                                            "is_parallel": true,
                                            "self": 64.70082559999982,
                                            "children": {
                                                "steps_from_proto": {
                                                    "total": 0.0006303999999985876,
                                                    "count": 2,
                                                    "is_parallel": true,
                                                    "self": 0.000227399999996436,