{
    "name": "root",
    "metadata": {
        "timer_format_version": "0.1.0",
        "start_time_seconds": "1752169287",
        "python_version": "3.9.13 (tags/v3.9.13:6de2ca5, May 17 2022, 16:36:42) [MSC v.1929 64 bit (AMD64)]",
        "command_line_arguments": "D:\\Unity\\Cars2\\venv\\Scripts\\mlagents-learn race_competition.yaml --run-id=testRun --resume",
        "mlagents_version": "0.30.0",
        "mlagents_envs_version": "0.30.0",
        "communication_protocol_version": "1.5.0",
        "pytorch_version": "1.13.1+cu117",
        "numpy_version": "1.21.2",
        "end_time_seconds": "1752169294"
    },
    "total": 7.6435818,
    "count": 1,
    "self": 0.011502899999999983,
    "children": {
        "run_training.setup": {
            "total": 0.06903940000000008,
            "count": 1,
            "self": 0.06903940000000008
        },
        "TrainerController.start_learning": {
            "total": 7.5630394999999995,
            "count": 1,
            "self": 0.009205000000001462,
            "children": {
                "TrainerController._reset_env": {
                    "total": 7.064430199999999,
                    "count": 1,
                    "self": 7.064430199999999
                },
                "trainer_threads": {
                    "total": 1.1399999999994748e-05,
                    "count": 1,
                    "self": 1.1399999999994748e-05,
                    "children": {
                        "thread_root": {
                            "total": 0.0,
                            "count": 0,
                            "is_parallel": true,
                            "self": 0.0,
                            "children": {
                                "trainer_advance": {
                                    "total": 0.04791529999999966,
                                    "count": 4,
                                    "is_parallel": true,
                                    "self": 4.300000000156956e-05,
                                    "children": {
                                        "process_trajectory": {
                                            "total": 0.04787229999999809,
                                            "count": 4,
                                            "is_parallel": true,
                                            "self": 0.04787229999999809
                                        }
                                    }
                                }
                            }
                        }
                    }
                },
                "TrainerController._save_models": {
                    "total": 0.4893928999999986,
                    "count": 1,
                    "self": 0.020205699999998217,
                    "children": {
                        "RLTrainer._checkpoint": {
                            "total": 0.46918720000000036,
                            "count": 2,
                            "self": 0.46918720000000036
                        }
                    }
                }
            }
        }
    }
}