{
    "name": "root",
    "gauges": {
        "Car.Policy.Entropy.mean": {
            "value": 1.4189382791519165,
            "min": 1.4189382791519165,
            "max": 1.4189382791519165,
            "count": 1
        },
        "Car.Policy.Entropy.sum": {
            "value": 16255.357421875,
            "min": 16255.357421875,
            "max": 16255.357421875,
            "count": 1
        },
        "Car.Environment.EpisodeLength.mean": {
            "value": 0.41561926281598643,
            "min": 0.41561926281598643,
            "max": 0.41561926281598643,
            "count": 1
        },
        "Car.Environment.EpisodeLength.sum": {
            "value": 2943.0,
            "min": 2943.0,
            "max": 2943.0,
            "count": 1
        },
        "Car.Step.mean": {
            "value": 9999.0,
            "min": 9999.0,
            "max": 9999.0,
            "count": 1
        },
        "Car.Step.sum": {
            "value": 9999.0,
            "min": 9999.0,
            "max": 9999.0,
            "count": 1
        },
        "Car.Policy.ExtrinsicValueEstimate.mean": {
            "value": 0.010381026193499565,
            "min": 0.010381026193499565,
            "max": 0.010381026193499565,
            "count": 1
        },
        "Car.Policy.ExtrinsicValueEstimate.sum": {
            "value": 73.24851989746094,
            "min": 73.24851989746094,
            "max": 73.24851989746094,
            "count": 1
        },
        "Car.Environment.CumulativeReward.mean": {
            "value": -13.672105696339523,
            "min": -13.672105696339523,
            "max": -13.672105696339523,
            "count": 1
        },
        "Car.Environment.CumulativeReward.sum": {
            "value": -96470.37779337168,
            "min": -96470.37779337168,
            "max": -96470.37779337168,
            "count": 1
        },
        "Car.Policy.ExtrinsicReward.mean": {
            "value": -13.672105696339523,
            "min": -13.672105696339523,
            "max": -13.672105696339523,
            "count": 1
        },
        "Car.Policy.ExtrinsicReward.sum": {
            "value": -96470.37779337168,
            "min": -96470.37779337168,
            "max": -96470.37779337168,
            "count": 1
        },
        "Car.IsTraining.mean": {
            "value": 1.0,
            "min": 1.0,
            "max": 1.0,
            "count": 1
        },
        "Car.IsTraining.sum": {
            "value": 1.0,
            "min": 1.0,
            "max": 1.0,
            "count": 1
        }
    },
    "metadata": {
        "timer_format_version": "0.1.0",
        "start_time_seconds": "1751967089",
        "python_version": "3.9.13 (tags/v3.9.13:6de2ca5, May 17 2022, 16:36:42) [MSC v.1929 64 bit (AMD64)]",
        "command_line_arguments": "D:\\Unity\\Cars2\\venv\\Scripts\\mlagents-learn race_competition.yaml --run-id=testRun --force",
        "mlagents_version": "0.30.0",
        "mlagents_envs_version": "0.30.0",
        "communication_protocol_version": "1.5.0",
        "pytorch_version": "1.13.1+cu117",
        "numpy_version": "1.21.2",
        "end_time_seconds": "1751967170"
    },
    "total": 81.33055850000001,
    "count": 1,
    "self": 0.007174300000016842,
    "children": {
        "run_training.setup": {
            "total": 0.06788499999999997,
            "count": 1,
            "self": 0.06788499999999997
        },
        "TrainerController.start_learning": {
            "total": 81.25549919999999,
            "count": 1,
            "self": 0.01462080000004562,
            "children": {
                "TrainerController._reset_env": {
                    "total": 14.907457800000001,
                    "count": 1,
                    "self": 14.907457800000001
                },
                "TrainerController.advance": {
                    "total": 66.17460549999993,
                    "count": 1014,
                    "self": 0.010172400000087123,
                    "children": {
                        "env_step": {
                            "total": 45.940069000000015,
                            "count": 1014,
                            "self": 43.458252699999974,
                            "children": {
                                "SubprocessEnvManager._take_step": {
                                    "total": 2.4751379000000924,
                                    "count": 1014,
                                    "self": 0.023484000000088656,
                                    "children": {
                                        "TorchPolicy.evaluate": {
                                            "total": 2.4516539000000037,
                                            "count": 524,
                                            "self": 2.4516539000000037
                                        }
                                    }
                                },
                                "workers": {
                                    "total": 0.006678399999952234,
                                    "count": 1013,
                                    "self": 0.0,
                                    "children": {
                                        "worker_root": {
                                            "total": 63.971392699999974,
                                            "count": 1013,
                                            "is_parallel": true,
                                            "self": 24.787844599999765,
                                            "children": {
                                                "steps_from_proto": {
                                                    "total": 0.003195599999999743,
                                                    "count": 1,
                                                    "is_parallel": true,
                                                    "self": 0.0009697000000006284,
                                                    "children": {
                                                        "_process_rank_one_or_two_observation": {
                                                            "total": 0.0022258999999991147,
                                                            "count": 4,
                                                            "is_parallel": true,
                                                            "self": 0.0022258999999991147
                                                        }
                                                    }
                                                },
                                                "UnityEnvironment.step": {
                                                    "total": 39.18035250000021,
                                                    "count": 1013,
                                                    "is_parallel": true,
                                                    "self": 0.13763080000026662,
                                                    "children": {
                                                        "UnityEnvironment._generate_step_input": {
                                                            "total": 0.1089674999999346,
                                                            "count": 1013,
                                                            "is_parallel": true,
                                                            "self": 0.1089674999999346
                                                        },
                                                        "communicator.exchange": {
                                                            "total": 38.6359008000001,
                                                            "count": 1013,
                                                            "is_parallel": true,